elem_index,file_section_id,file_section_name,file_loc_from,file_loc_to,file_lane_name,2023,2024,2025,2026,2027,2028,2029,2030,2031,2032,2033,2034,2035,2036,2037,2038,2039,2040,2041,2042,2043
0,1013,Brook Street North,0,220,All,959,1925,1017,1051,1086,1123,1160,1199,1238,1279,1321,1364,1408,1454,1500,1549,1598,3028,1674,1727,1781
1,1,Conifer Close,0,378,All,7302,11473,12367,4670,4857,5051,5250,5455,5667,5885,6110,6341,6580,6827,7080,10228,10667,14661,7400,7669,7946
2,2,Fladgate Drive,0,565,All,1767,3584,1871,1934,2000,2067,2136,2207,2280,2356,2433,2513,2595,2679,2766,3978,4127,5643,3087,3186,3288
3,4,Highfield Drive,0,71,All,941,1541,706,737,768,800,832,866,901,937,973,1011,1050,1090,1132,1174,1696,2329,1281,1328,1377
4,3,Matai Way,0,557,All,1414,2861,1500,1552,1606,1661,1718,1776,1836,1898,1962,2027,2095,2164,2235,2308,3321,4542,2498,2579,2662
5,5,Vintry Drive,0,362,All,3648,6242,2758,2862,2970,3081,3195,3312,3433,3557,3685,3817,3953,4093,4237,6109,6352,8706,4764,4928,5097
6,6,Croatia Avenue,0,42,All,625,835,1139,1846,2029,823,867,911,957,1004,1052,1101,1152,1205,1259,1314,1371,1430,1490,2163,2981
7,6,Croatia Avenue,42,76,All,625,1244,1417,1555,1679,1797,745,767,788,811,834,857,881,906,931,957,984,1011,1039,1067,1097
8,7,Lumbarda Drive,0,152,All,583,650,718,789,862,938,1016,1098,1183,1271,1899,3673,4023,1581,1656,1733,1812,1892,1975,2060,2147
9,8,Tarras Road,0,86,All,1103,1630,1736,1847,1964,3753,4066,4379,1661,1736,1812,1891,1972,2056,2142,2231,2322,2416,2513,2613,2715
10,8,Tarras Road,86,120,All,1125,1193,1265,1339,1417,2087,2216,4231,4580,1788,1862,1937,2015,2094,2176,2260,2346,2434,2524,2617,2713
11,9,Kowhai Glen,0,305,All,703,1183,1338,1466,634,655,676,698,720,743,767,791,816,841,868,895,1285,1332,1382,1432,1485
12,1037,Epiha Road Upper,0,415,All,2719,6471,7175,7802,2908,3021,3137,3257,3380,3508,3639,5258,5482,11015,3740,3883,4032,4184,4342,4504,6508
13,1038,Gossey Drive North,1319,1723,All,2313,5507,6106,6640,2474,2570,2669,2771,2876,2985,3096,4474,4665,9374,3182,3305,3431,3561,3695,3833,5538
14,10,Upper Ahu Ahu Road,0,46,All,1291,847,882,919,957,995,1035,1500,1576,1655,1737,1824,1918,2015,2116,1420,1472,1526,1581,1638,1696
15,10,Upper Ahu Ahu Road,46,68,All,1177,1255,2405,2613,2821,1067,1114,1162,1211,1261,1313,1366,1421,1477,1534,1593,1654,1716,1779,1844,2663
16,11,Lower Ahu Ahu Road,0,158,All,966,1304,2609,2915,1208,1277,1348,1421,1496,1574,1653,1734,1818,1905,1993,2085,2179,3170,3324,4594,2514
17,11,Lower Ahu Ahu Road,158,179,All,954,1025,1099,1176,1255,1339,1426,1516,1610,1708,1811,4805,5216,2059,2144,2231,2321,2413,2507,2604,2704
18,12,Kriletich Drive,0,263,All,2289,4671,5339,2488,2569,2653,2740,2829,2921,3015,3112,3212,4618,4801,4992,5189,5392,5601,3932,4055,4182
19,917,Port Street East,0,21,All,2501,5015,5765,6382,6954,7510,2892,2978,3067,3159,3253,3349,3448,3550,3654,3761,3871,3984,4099,4218,6046
20,917,Port Street East,21,396,All,3272,3858,4449,5050,5664,6295,6944,10609,11631,12701,13819,26964,29775,6970,7249,7537,7833,8139,8454,8779,9114
21,917,Port Street East,396,874,All,1672,3353,1769,1823,1878,1934,1992,2052,2113,2175,2240,2306,2374,2443,2514,2588,2663,3817,5201,2861,2944
22,917,Port Street East,874,1340,All,2299,3667,1703,1758,1816,1874,1935,1997,2060,2125,2192,2261,2332,2404,2479,2555,3669,3796,5179,2838,2924
23,917,Port Street East,1340,1431,All,2597,5216,2315,2391,2469,2548,2630,2714,2800,2889,2980,3073,3169,3267,3368,3472,3578,5136,7008,3359,3460
24,917,Port Street East,1431,2115,All,716,1689,1883,807,839,872,906,941,977,1014,1052,1091,1131,1172,1214,1257,1301,1346,1941,2657,1462
25,917,Port Street East,2120,2350,All,1477,3465,3838,1624,1680,1737,1796,1857,1919,1982,2048,2115,2184,2254,2327,2402,2478,2557,3674,5016,2609
26,13,Puriri Dale Way,0,293,All,2304,4761,2446,2534,2625,2719,2816,2916,3018,3124,3233,3345,3460,4987,5189,5400,7406,4017,4152,4292,4436
27,15,Fendall Close,0,438,All,4095,6361,7161,3114,3248,3385,3527,3673,3824,3979,5766,7953,1849,1877,1956,2036,2119,2204,2292,2382,2475
28,15,Fendall Close,438,585,All,2530,3752,4006,7687,3087,3241,3400,3563,3730,3903,4080,4263,4450,8528,4367,4561,4760,4965,5176,5393,5616
29,15,Fendall Close,585,643,All,1526,1649,1775,1907,2045,2188,2336,3471,3711,3964,7606,8270,3226,3386,3550,3719,3893,4072,4256,4446,6466
30,15,Fendall Close,643,736,All,8800,9359,17909,19467,6787,7107,7437,7778,8130,8493,12353,12986,17988,8486,8868,9263,9670,10090,14660,15404,16180
31,15,Fendall Close,736,814,All,4531,3145,3268,3394,3524,3658,3796,5486,5729,7887,4298,4456,4618,4785,4957,7153,7463,7786,15653,5784,5987
32,9339,Weston Way,814,886,All,7957,13067,14675,5474,7868,8614,9478,10298,10860,11316,11735,6549,9404,10355,11417,12397,13014,13528,14002,7799,11192
33,9339,Weston Way,886,939,All,6364,12629,16999,18652,6794,7044,7301,7565,7837,11307,11845,12397,12964,13574,8274,8570,8873,9186,13244,13883,14542
34,9339,Weston Way,965,1051,All,5098,6951,7607,8203,8787,16917,18478,2185,2218,2311,2406,2504,2605,2709,2815,2925,3037,4157,3200,3321,3445
35,9339,Weston Way,1051,1219,All,5485,11540,5778,5998,6226,6461,6702,9685,10118,10570,14551,7528,7801,8083,8374,8673,12514,13079,13665,27504,9476
36,9339,Weston Way,1237,1589,All,11308,4943,5134,5330,5533,5742,8299,8678,9072,18275,6743,6990,7245,7507,7777,11223,11743,12281,24737,8975,9291
37,9339,Weston Way,1589,1999,All,9193,4019,4174,4334,4498,4668,6747,7055,7376,14858,5482,5683,5890,6103,6323,9125,9548,9985,20113,7381,7640
38,9339,Weston Way,1999,2369,All,7654,3346,3472,3603,3737,3875,4018,4164,6012,8262,4538,4701,4868,5041,5219,5402,7788,8112,11138,6074,6283
39,9339,Weston Way,2385,2696,All,7452,5536,5730,5929,6134,6345,6563,6787,7018,7256,10450,10868,14900,7622,7877,8140,8410,8688,8974,9270,9573
40,9339,Weston Way,2696,3114,All,9747,5957,6165,6379,6600,6827,7061,7303,10520,14429,6587,6813,7046,7286,7533,7788,11214,11665,15996,7398,7650
41,9339,Weston Way,3114,3398,All,4238,7481,8383,3658,3794,3934,4078,4226,4379,4537,4699,4866,7018,7303,10017,5246,5429,5616,5810,6009,6214
42,9339,Weston Way,3398,3457,All,2776,4434,4935,5371,2226,2303,2381,2462,2545,2630,2718,2808,2901,2996,4311,4474,4644,4819,9637,3569,3684
43,9339,Weston Way,3457,3675,All,1376,1450,1528,4032,4351,4667,1808,1877,1948,2020,2094,2171,2249,2329,2411,2496,2582,2671,3848,3997,4151
44,9167,Foxglove Drive,0,668,All,1365,1450,1539,1632,1731,1834,3496,1331,1386,1443,1501,1560,1622,1684,1749,1815,1882,1952,2024,2097,2172
45,16,Sarah Lane,0,515,All,1691,3483,4051,4535,2007,2092,2179,2269,2361,2456,2554,2655,2759,2866,2976,3089,4467,4659,6405,3502,3631
46,17,Ash Drive,0,318,All,6411,8775,9704,10565,11421,12294,23802,1168,1185,1255,1327,1400,1475,1552,1631,1713,1796,1881,1969,2059,2152
47,18,Monaghan Way,0,80,All,415,444,474,506,538,572,608,898,1176,1858,2003,777,813,850,888,928,968,1010,1052,1097,1142
48,1035,Cousins Avenue East,0,61,All,526,1048,1202,1327,1442,1553,648,669,689,710,732,755,777,801,825,850,875,901,928,955,983
49,19,Elm Close,0,82,All,2632,3988,4343,4717,5108,9926,10920,3204,3395,3591,3792,3999,4211,4430,4654,4886,5123,5368,5620,5879,8563
50,19,Elm Close,82,101,All,3965,5285,5810,6293,12180,13333,14474,954,986,1020,1054,1089,1125,1162,1200,1239,1279,1319,1361,1404,1448
51,20,Burkes Creek Road,0,21,All,1883,4530,5063,5548,6026,2363,2466,2572,2681,2793,2909,3028,4389,4592,9258,3384,3519,3658,3802,3950,4102
52,20,Burkes Creek Road,21,520,All,1921,4623,5167,5662,2288,2389,2492,2599,2709,2822,2939,4262,4460,8995,3312,3445,3581,3723,3868,4018,5812
53,20,Burkes Creek Road,549,697,All,2994,4649,5222,2270,2363,2460,2559,2661,2766,2874,4159,4342,8734,3267,3391,3518,3649,3784,3924,4067,5872
54,20,Burkes Creek Road,697,765,All,1329,1791,1979,2153,2327,4502,4931,1411,1466,1522,1580,1639,1699,1761,1825,1890,1957,2025,2095,2167,2241
55,20,Burkes Creek Road,765,1789,All,2065,3655,4230,1977,2059,2142,2229,2318,2409,2504,3624,3783,7611,2846,2954,3065,3180,3298,3419,3544,5117
56,21,Tapeka Heights Lane,0,277,All,2534,5287,6116,6808,2946,3055,3167,3282,3401,3523,3649,3779,3913,4051,5842,6093,6353,6621,9094,4879,5046
57,22,Sir John McKenzie Drive,0,530,All,1531,2043,4042,4473,1850,1938,2029,2123,2220,2319,2422,2527,2636,2748,2863,2982,3104,4500,4703,6479,3545
58,23,Apple Orchard Lane,0,185,All,910,1822,2079,988,1019,1051,1084,1118,1153,1189,1226,1264,1303,1343,1384,1988,2060,2135,2212,2292,2375
59,974,Railway Terrace East,0,730,All,1367,2010,2131,2258,2391,4553,4914,5272,1999,2078,2159,2242,2328,2416,2506,2599,2694,2792,2893,2996,3103
60,24,George Noble Road,0,272,All,5013,6735,13295,14675,4869,5093,5324,5561,5806,6058,6318,6585,6861,7146,7439,10784,11279,11795,16254,7455,7747
61,24,George Noble Road,272,286,All,3706,3965,4235,4516,4808,5113,7566,8078,8618,9185,17594,1351,1397,1445,1493,1543,1594,1647,1700,1756,1812
62,25,Founders Lane,0,597,All,2363,2686,3016,3354,3703,4063,4435,6717,7324,7963,8633,9335,10070,6359,6643,6936,7239,7552,7875,8210,8555
63,26,Stud Road,0,205,All,1773,2408,2670,2914,5680,6255,2482,2612,2745,2882,3023,3169,3319,3473,3631,5287,5555,7690,4199,4380,4567
64,27,Gallop Lane,0,116,All,2824,3756,5081,8181,2920,3059,3202,3350,3502,3658,3819,3984,4155,4331,4512,4698,4889,5087,7370,10150,4842
65,27,Gallop Lane,116,136,All,2341,2514,2695,2884,3080,3284,3497,3719,3950,4191,4442,10012,10833,3523,3667,3815,3968,4124,4284,4449,4618
66,7056,Dawick Street,0,78,All,1065,1414,1913,3080,1286,1347,1410,1475,1542,1611,1681,1754,1829,1906,1986,2068,2152,2239,3243,4465,2456
67,7056,Dawick Street,78,88,All,1407,1517,1632,1754,1881,2014,2154,2300,2454,2618,2791,4477,4838,909,940,972,1004,1038,1072,1107,1143
68,28,Stirrup Lane,0,261,All,1569,1891,3673,4041,1573,1664,1757,1854,1953,2055,2159,2267,2378,2492,2610,3805,4002,4207,5827,3163,3301
69,29,Riroriro Road,0,122,All,1307,1575,2088,3340,1310,1385,1462,1541,1622,1706,1792,1880,1971,2064,2160,2259,2360,2465,3584,4952,2723
70,29,Riroriro Road,122,139,All,1943,2061,2185,2313,2447,2587,2733,7230,7823,2435,2535,2638,2744,2852,2964,3078,3195,3315,3439,3565,3695
71,30,Curly McLeod Way,0,69,All,987,844,880,916,954,992,1032,1072,1114,1158,1202,1247,1294,1343,1392,1443,2747,1518,1573,1630,1688
72,30,Curly McLeod Way,69,82,All,1633,2615,2884,3106,3311,1234,1266,1300,1334,1907,2008,2118,2230,2353,2474,2598,2717,2822,1705,2437,2671
73,32,Karearea Lane,0,56,All,2109,2893,3207,1418,1463,1509,1557,1606,1656,1707,1759,1813,1869,1925,1984,2043,2105,2167,2232,3201,3312
74,32,Karearea Lane,84,154,All,2537,1574,1629,1684,1742,1801,1862,1924,1988,2054,2122,2192,2263,2337,3361,3488,3619,3754,3893,7782,2867
75,32,Karearea Lane,154,820,All,1834,1861,1931,2002,2076,2152,2230,2311,2394,2479,2567,2658,2751,2847,4103,4268,5851,3199,3308,3420,3536
76,32,Karearea Lane,820,1262,All,1517,1615,2393,2552,4890,5313,5737,2204,2308,2415,2525,2638,2754,2874,2997,3124,3254,3388,3526,3668,3815
77,33,Okoare Lane,0,58,All,1357,1452,1550,2303,2464,2634,2813,3000,5750,6247,2401,2517,2637,2760,2887,3017,3152,3291,3434,3581,3733
78,35,Leicester Place,0,660,All,2140,2538,2938,3344,3758,5829,6494,7191,7920,8683,6026,6319,6622,6934,7257,7591,7936,8292,8660,12594,13236
79,36,Paneika Lane,0,370,All,826,958,1092,1229,1369,1513,1662,1817,2217,2418,2629,2849,3081,2179,2273,2370,2469,2570,2675,2782,2892
80,36,Paneika Lane,370,391,All,748,1563,1838,2078,2310,2542,1033,1084,1137,1191,1246,1303,1362,1423,1485,1549,1615,1682,2441,2557,3528
81,36,Paneika Lane,391,520,All,2266,2501,2744,2996,3549,3864,4195,4543,4907,5289,10233,3927,4062,4201,4344,4491,4642,4798,4957,5122,5290
82,37,Freemason Avenue,0,149,All,2462,5009,5788,6440,2869,2974,3082,3194,3308,3426,3548,3673,3802,3934,4071,4211,4356,6276,6521,8933,4887
83,37,Freemason Avenue,149,172,All,1628,1770,1918,2071,2231,2396,2569,2748,2935,3130,4643,4958,5287,10133,11005,1945,2012,2080,2150,2222,2296
84,37,Freemason Avenue,172,362,All,6655,13867,16048,17877,6517,6761,7013,7272,7540,7815,8099,8391,8693,9004,12989,13545,14122,14719,20217,9317,9640
85,38,Tyler Place,0,279,All,1940,3490,4048,1861,1939,2020,2103,2188,2276,2366,2460,2556,2655,2756,3986,4162,4345,5978,3243,3363,3486
86,38,Tyler Place,279,322,All,2470,4260,4839,5310,5741,2338,2404,2472,2541,2613,2686,2761,2837,2916,2997,3080,3165,3252,4655,4811,4972
87,38,Tyler Place,322,334,All,4614,4892,5182,7640,8112,12896,4098,4283,4474,4670,4872,5079,5293,5513,5740,5973,6213,6459,6714,6975,7244
88,38,Tyler Place,334,389,All,7640,15680,6303,6498,6699,6906,7118,7337,7562,7793,8031,8276,8528,12242,12689,13153,17972,8086,8329,8580,8838
89,39,Ashlar Court,0,251,All,1538,3129,1631,1692,1755,1819,1885,1953,2023,2095,2169,2246,2324,2405,2488,3586,3728,5108,2794,2888,2986
90,40,Bravery Road,0,278,All,4472,5265,8133,10610,11444,4403,4561,4723,4889,5060,5236,5416,5602,5792,5987,6188,8909,9274,9654,10046,10449
91,41,Huamanu Street,0,116,All,784,1565,1786,1963,2122,2275,941,969,997,1026,1055,1086,1117,1149,1182,1215,1250,1285,1321,1358,1396
92,41,Huamanu Street,116,134,All,2498,2673,2855,3044,3241,3447,3661,3884,4117,4360,11559,12532,997,1031,1066,1102,1139,1176,1215,1254,1295
93,1092,Bronte Road East,0,156,All,2095,4191,2083,2153,2225,2299,2375,2454,2534,2617,2702,2790,2880,2973,3068,3166,3266,6189,3123,3221,3322
94,1092,Bronte Road East,156,183,All,1428,2863,3303,3670,4013,4349,1753,1813,1873,1936,2000,2065,2133,2202,2272,2345,2419,2496,2574,2654,2736
95,42,Te Manaki Street,0,377,All,1092,2220,2562,2847,1267,1312,1358,1405,1454,1504,1556,1609,1664,1720,1778,1838,1899,2734,2838,3885,2125
96,44,Dickins Lane,0,474,All,1758,1998,2243,2495,2754,4210,4621,5052,9898,10978,4010,4188,4373,4563,4759,4962,5171,5387,5609,5839,6076
97,44,Dickins Lane,474,1091,All,2010,2285,2565,2853,3150,3456,3773,4101,6189,6720,7279,7865,8479,9123,5708,5956,6213,6479,6753,7036,7329
98,43,Infantry Lane,0,95,All,796,1599,1842,2045,2234,2418,1006,1040,1075,1111,1148,1186,1225,1266,1307,1350,1393,1438,1485,1532,1581
99,45,Chatfield Lane,0,83,All,1553,1637,2401,2541,2688,2842,3003,3172,6023,6492,2440,2537,2636,2738,2843,2951,3063,3178,3296,3418,3544
100,20,Burkes Creek Road,765,1789,All,2627,5453,6389,7201,2554,2668,2787,2909,3035,3165,3300,4791,5017,10125,3102,3246,3394,3548,3706,3870,4039
101,38,Tyler Place,279,322,All,4200,8547,9740,10687,11540,4828,4958,5092,5228,5369,5513,5660,5811,5967,6126,6289,6456,6628,9478,9786,10105
102,1037,Epiha Road Upper,0,415,All,6345,12652,14189,4399,4586,4779,4979,5185,5398,5619,8145,8517,17164,5111,5341,5578,5824,6077,6338,9207,9652
103,37,Freemason Avenue,172,362,All,5141,10889,12612,14058,5897,6127,6364,6609,6862,7124,7393,7672,7959,8255,11927,8170,8480,8800,9131,9472,9824
104,43,Infantry Lane,0,95,All,1208,2433,2799,3101,3381,1449,1497,1546,1597,1649,1703,1759,1816,1874,1935,1997,712,737,748,774,800
105,8,Tarras Road,86,120,All,3173,3386,3610,3847,4096,4358,4632,1037,1073,1109,1146,1185,1224,1264,1305,1347,1391,1435,1480,1527,1575
106,23,Apple Orchard Lane,0,185,All,2332,4759,5423,2452,2530,2610,2693,2778,2865,2956,3048,3144,3242,3343,3247,3350,3455,3564,3676,3791,3910
107,9339,Weston Way,814,886,All,16899,22273,24507,6005,12653,14730,17346,20037,21941,23293,24419,1978,2055,2134,2215,2298,2383,2471,2560,2651,2745
108,8,Tarras Road,86,120,All,1391,1467,1547,1630,1716,2516,2661,5060,5456,1943,2005,2068,2134,2201,2270,2341,2414,2489,2566,2645,2726
109,38,Tyler Place,334,389,All,6685,14020,6021,6276,6540,6813,7094,7385,7686,7996,8317,8648,8991,7847,8182,8528,8886,9255,9637,10032,10439
110,38,Tyler Place,322,334,All,3782,4130,4491,6778,7351,14304,2221,2331,2366,2482,2600,2722,2847,2976,3108,3244,3383,3526,3674,3825,3981
111,32,Karearea Lane,154,820,All,2402,4920,2453,2557,2666,2777,2893,3011,3134,3261,3391,3526,3665,3809,3957,5726,5978,8226,4001,4162,4329
112,12,Kriletich Drive,0,263,All,4807,9827,11257,12414,4581,4765,4955,5151,5353,5561,5777,5999,6228,9006,9419,9848,10294,10754,6417,6675,6942
113,917,Port Street East,2120,2350,All,2816,4603,1631,1699,1770,1842,1917,1993,2072,2153,2237,2323,2412,2093,2180,2270,2363,2458,2556,2657,2761
114,9339,Weston Way,3398,3457,All,3506,7121,8285,9279,3348,3483,3623,3767,3915,4069,4227,4391,4559,4734,6845,7139,7445,7763,15599,4698,4891
115,9339,Weston Way,1051,1219,All,14104,8962,9376,9804,10247,10705,15574,16374,9721,10195,10686,11193,11718,17080,18016,10685,11226,11786,12364,12962,18919
116,19,Elm Close,0,82,All,2865,4341,4730,5137,5565,10816,1072,1126,1142,1198,1255,1314,1374,1436,1499,1565,1632,1701,1772,1845,1920
117,15,Fendall Close,0,438,All,6727,5416,5659,5909,6168,6435,6711,6996,10156,14030,6301,6596,6900,7215,7539,7875,11453,12025,16639,7564,7927
118,30,Curly McLeod Way,69,82,All,1204,2406,2730,2984,3209,1366,1401,1436,1472,1510,1548,1587,1627,1668,1710,1752,1797,1842,1869,1916,1964
119,6,Croatia Avenue,0,42,All,2803,3049,4973,5468,5970,1618,2345,2605,2898,3174,3360,3522,3675,3826,3977,4127,970,1018,1034,1084,1136
120,16,Sarah Lane,0,515,All,2613,5370,6234,6965,2851,2978,3109,3245,3385,3529,3678,3832,3991,4156,4325,4500,6521,6817,9393,4489,4679
121,30,Curly McLeod Way,69,82,All,1986,3339,3779,4134,4458,1637,1689,1742,1796,1852,1909,1968,2029,2756,2849,2944,3042,3143,2158,2226,2295
122,32,Karearea Lane,820,1262,All,1004,1063,1567,1663,3173,3434,3694,1419,1481,1545,1611,1679,1749,1820,1894,1970,2049,2129,2213,2298,2386
123,20,Burkes Creek Road,765,1789,All,3358,2895,3034,3177,3325,3477,3634,3796,5522,5791,11702,3703,3880,4062,4249,4443,4643,4849,7052,9759,4552
124,32,Karearea Lane,154,820,All,2559,4303,2098,2175,2254,2336,2421,2508,2597,2690,2785,2883,2984,3089,3196,4607,4793,6571,3391,3510,3633
125,9339,Weston Way,1237,1589,All,3887,3861,3998,4138,4284,4433,6391,6666,6953,13973,4925,5097,5274,5458,5646,8137,8503,8881,17869,6194,6410
126,20,Burkes Creek Road,765,1789,All,7425,4053,4238,4430,4628,4832,5042,5259,7639,8002,16151,5009,5243,5485,5734,5992,6257,6531,9493,13130,6059
127,29,Riroriro Road,122,139,All,1567,1661,1758,1859,1965,2075,2190,5788,6258,2141,2208,2277,2348,2420,2495,2572,2651,2732,2815,2901,2989
128,9339,Weston Way,1589,1999,All,5012,10665,4399,4615,4837,5067,5305,7733,8154,8593,17445,5353,5620,5897,6183,6478,9451,9995,10561,21484,6608
129,20,Burkes Creek Road,549,697,All,2626,5369,6205,6905,2994,3106,3222,3342,3465,3592,3723,5374,5596,11232,3952,4097,4246,4400,4559,4722,4891
130,1092,Bronte Road East,156,183,All,1355,2721,3118,3440,3736,1599,1643,1689,1735,1782,1831,1881,1932,1984,2038,2093,2150,2208,2241,2301,2362
131,917,Port Street East,2120,2350,All,1767,4142,4585,1951,2019,2090,2162,2236,2313,2392,2473,2556,2641,2729,2819,2912,3007,3105,4466,6103,3087
132,1,Conifer Close,0,378,All,8674,2641,2757,2877,3002,3130,3262,3399,3541,3687,3837,3993,4154,6018,6292,8671,4106,4280,4460,4645,4837
133,20,Burkes Creek Road,549,697,All,3496,2912,3046,3184,3326,3473,3625,3782,5493,5754,11614,3611,3780,3955,4134,4320,4511,4709,6845,9466,4375
134,9339,Weston Way,2696,3114,All,4715,9830,4059,4244,4436,4634,4838,5049,5267,7651,10581,4784,5011,5245,5487,5737,5995,8724,9168,12696,5788
135,21,Tapeka Heights Lane,0,277,All,4465,9363,10882,12170,4806,5027,5256,5492,5736,5989,6250,6520,6799,7087,10288,10800,11332,11885,16422,7637,7972
136,10,Upper Ahu Ahu Road,46,68,All,1855,2494,4910,5405,5882,2181,2252,2324,2398,2475,2553,2634,2717,2802,2889,2979,3072,3166,2957,3052,3149
137,26,Stud Road,0,205,All,2655,3582,3946,4281,8300,9095,3152,3297,3447,3602,3762,3927,4098,4274,4456,6469,6780,9364,4381,4579,4783
138,1038,Gossey Drive North,1319,1723,All,9413,3105,4522,5048,5638,6201,6591,6934,3417,4987,5577,6242,6877,7321,7715,3883,5674,6353,7118,7850,8366
139,917,Port Street East,21,396,All,4215,4957,5854,6861,7767,8651,1210,1276,1295,1364,1434,1506,1580,1655,1733,1812,1893,1976,2061,2148,2237
140,11,Lower Ahu Ahu Road,158,179,All,2222,2341,2466,2596,2732,2874,3023,3180,3344,3515,3695,1088,1125,1163,1202,1242,1284,1326,1369,1413,1459
141,1037,Epiha Road Upper,0,415,All,3445,8291,9291,10205,3519,3690,3865,4046,4233,4426,4624,6728,7061,14277,4516,4733,4957,5187,5425,5671,8253
142,41,Huamanu Street,0,116,All,2359,4037,4599,1766,1820,1876,1933,1992,2052,2114,2178,2244,2311,2380,2451,2524,2600,2677,3839,3973,4111
143,41,Huamanu Street,0,116,All,2095,4207,4808,5292,5732,2099,2164,2231,2300,2370,2443,2518,2594,2673,2754,2837,2923,3010,2684,2769,2856
144,16,Sarah Lane,0,515,All,3717,7637,8860,9894,4079,4259,4444,4635,4832,5036,5246,5464,5688,5919,6158,6405,9278,9695,13354,6419,6688
145,36,Paneika Lane,370,391,All,1531,3124,3593,3979,4337,4685,1904,1966,2029,2095,2162,2231,2302,2375,2451,2528,2608,2691,3866,4012,5488
146,9339,Weston Way,1999,2369,All,6585,3461,5049,5644,6314,6954,7401,7796,3881,5671,6349,7114,7846,8362,8820,4461,6524,7312,8200,9051,9653
147,1092,Bronte Road East,0,156,All,876,1751,927,957,988,1020,1052,1085,1120,1155,1191,1228,1267,1306,1347,1388,1431,2709,1497,1543,1590
148,42,Te Manaki Street,0,377,All,2518,5265,2493,2603,2716,2833,2954,3078,3207,3339,3476,3617,3763,3420,3566,3716,3872,4032,4198,4369,4545
149,974,Railway Terrace East,0,730,All,2937,4312,4565,2575,2682,2793,2906,3023,3143,3266,3393,3523,3658,3796,3938,4084,4234,6113,6362,8727,4267
150,29,Riroriro Road,122,139,All,2178,2304,2435,2573,2716,851,880,910,941,972,1004,1037,1071,1106,1141,1178,1215,1253,1292,1333,1374
151,9339,Weston Way,3457,3675,All,1682,1776,1875,4956,5355,5753,1838,1895,1953,2013,2074,2137,2202,2268,2336,2407,2478,2552,3662,3788,3918
152,15,Fendall Close,643,736,All,4087,5577,10973,12075,4437,4638,4845,5059,5280,5508,8002,5303,5541,5787,6041,6303,9157,9618,6298,6580,6870
153,974,Railway Terrace East,0,730,All,4064,6110,6611,7138,7693,3337,3471,3610,3752,3899,4050,4206,4367,4533,4703,4879,5061,6918,4353,4532,4716
154,33,Okoare Lane,0,58,All,3660,4059,4472,6828,7489,3176,3300,3428,3560,3697,3839,3986,4137,4294,4456,4624,4797,4977,9480,984,1033
155,37,Freemason Avenue,0,149,All,1234,2550,2959,3305,1453,1511,1570,1631,1694,1759,1826,1894,1965,2038,2113,2144,2222,2303,2386,2471,2559
156,35,Leicester Place,0,660,All,6675,7688,8725,9792,10894,16767,18580,20489,8403,8751,9111,9484,9871,10272,10687,11118,15246,22151,23259,10146,10578
157,30,Curly McLeod Way,0,69,All,1009,2027,1068,1104,1142,1180,1219,1260,1301,1344,1388,1434,1481,1529,1579,1630,1682,3189,1712,1768,1825
158,25,Founders Lane,0,597,All,2877,3335,3799,4273,4759,5260,5776,8792,9629,10507,11428,12393,13403,7030,7314,7608,7913,8229,8557,8897,9249
159,36,Paneika Lane,391,520,All,2466,2790,3121,3462,5314,3214,3316,3421,3529,3639,3753,3871,3991,4115,4243,4374,4508,6474,6721,6976,7241
160,35,Leicester Place,0,660,All,5107,5929,6762,10604,11975,13410,14908,16533,8797,9162,9540,9931,10337,10758,11194,11646,12114,17553,18379,10690,11147
161,43,Infantry Lane,0,95,All,883,1774,2046,2273,2484,2691,1078,1118,1158,1200,1243,1288,1333,1381,1429,1479,1531,1584,1638,1695,1753
162,29,Riroriro Road,0,122,All,1963,1816,1894,1974,2057,2143,2232,2323,2418,2515,2615,2719,2826,2936,3050,4413,6069,1019,1070,1086,1139
163,15,Fendall Close,736,814,All,7880,4657,4872,5093,5322,5559,5803,8436,8861,12264,2335,2370,2511,2656,2804,2956,3111,3271,3435,3603,4977
164,9339,Weston Way,965,1051,All,4613,6248,6795,7283,7756,14850,16135,2185,2218,2315,2415,2518,2623,2731,2843,2957,3075,4213,3244,3370,3500
165,23,Apple Orchard Lane,0,185,All,4269,2486,2581,2678,2778,2882,2988,3098,3212,3329,3449,3573,3701,5340,5560,5789,6026,1131,1185,1202,1259
166,32,Karearea Lane,84,154,All,3934,6266,2205,3355,3766,4231,4671,4961,5208,5440,5665,5891,6114,2900,4412,4951,5562,6140,6519,6843,7146
167,9339,Weston Way,2385,2696,All,6356,13258,5701,5954,6215,6486,6765,7054,7352,7661,7979,11574,12124,16736,7662,8004,8357,8722,9100,9490,9892
168,28,Stirrup Lane,0,261,All,1859,2490,4890,5372,2195,2288,2384,2483,2585,2690,2799,2911,3027,3147,3270,4733,4945,5166,7113,3594,3735
169,1013,Brook Street North,0,220,All,1347,2721,3155,1332,1387,1443,1502,1562,1624,1688,1754,1822,1893,1965,2040,2117,2197,2279,4341,2057,2140
170,7056,Dawick Street,78,88,All,2515,2677,2847,3029,3223,3427,3643,3871,4112,4364,4630,8826,9532,909,940,972,1004,1038,1072,1107,1143
171,10,Upper Ahu Ahu Road,46,68,All,5361,7122,7822,8538,9285,964,997,1031,1065,1101,1137,1174,1213,1252,1292,1333,1376,1419,1463,1509,1555
172,32,Karearea Lane,0,56,All,5845,9485,10577,3550,5100,5617,6195,6729,7066,7347,7607,7857,8105,8348,8597,8855,1751,1812,1873,1936,2001
173,20,Burkes Creek Road,765,1789,All,8721,4476,6508,7191,7991,8775,9363,9863,4793,6986,7805,8726,9605,10216,10757,5351,7814,8744,9792,10794,11497
174,16,Sarah Lane,0,515,All,4670,3321,3468,3620,3777,3939,4106,4279,4457,4641,4832,5028,5230,7578,7918,8273,11392,5389,5616,5849,6091
175,1,Conifer Close,0,378,All,2828,6906,7811,2869,2993,3121,3254,3391,3532,3678,3829,3985,4147,4313,4485,6496,6792,9359,4374,4559,4750
176,9,Kowhai Glen,0,305,All,1828,3047,1442,1489,1538,1589,1641,1695,1750,1807,1865,1926,1988,1912,1974,2039,2105,2174,2245,2317,2392
177,1,Conifer Close,0,378,All,10804,14286,4283,6238,6963,7779,8556,9095,9570,10023,10470,10919,11368,5965,8673,9666,10782,11842,12571,13210,13819
178,30,Curly McLeod Way,0,69,All,2620,1666,1731,1799,1868,1940,2015,2092,2171,2253,2337,2424,2515,2608,2704,2803,5335,875,918,932,977
179,36,Paneika Lane,0,370,All,4786,5175,5595,6053,6543,7068,7625,8212,12270,4491,6784,7559,8434,9248,9754,10174,10558,10927,11292,11650,12016
180,917,Port Street East,0,21,All,2360,3925,4440,4876,5288,1204,1249,1268,1314,1362,1411,1461,1512,1565,1619,1675,1732,1790,1850,1912,1975
181,3,Matai Way,0,557,All,3349,2289,2384,2482,2584,2689,2797,2909,3024,3143,3266,3392,3523,3658,3797,5491,7545,3542,3686,3835,3988
182,38,Tyler Place,322,334,All,2613,2811,3017,4502,4833,3099,3224,3353,3485,3622,3763,3908,4058,4213,4372,4536,4705,4880,5060,5245,7166
183,1037,Epiha Road Upper,0,415,All,2483,2159,2264,2372,2483,2598,2716,2839,4130,4333,8758,2783,2916,3054,3196,3342,3493,3648,5306,7346,3433
184,917,Port Street East,1340,1431,All,2909,5893,2682,2796,2913,3034,3158,3286,3418,3554,3693,3837,3985,4137,4294,4455,4621,6676,9164,1256,1324
185,917,Port Street East,21,396,All,2817,3252,3765,4355,4897,5427,1210,1276,1295,1364,1434,1506,1580,1655,1733,1812,1893,1976,2061,2148,2237
186,29,Riroriro Road,0,122,All,3964,4317,6857,2070,2154,2242,2332,2426,2522,2622,2724,2831,2940,3053,3170,3291,3415,4937,6786,3139,3266
187,23,Apple Orchard Lane,0,185,All,3748,6064,2147,3106,3444,3823,4179,4416,4621,4813,5001,5189,5376,2737,3961,4393,4879,5335,5639,5902,6150
188,9339,Weston Way,886,939,All,4523,8968,12062,13226,14331,5292,5485,5682,5886,6095,8790,9208,9637,10077,10554,6818,7060,7309,7566,10908,11437
189,4,Highfield Drive,0,71,All,1793,3610,1897,1959,2024,2090,2159,2229,2301,2376,2453,2532,2613,2697,2783,2871,4127,5638,3071,3168,3268
190,29,Riroriro Road,0,122,All,1874,2524,3452,5613,2065,2152,2242,2334,2430,2529,2631,2737,2845,2958,3074,3193,3317,3444,4981,6850,3226
191,38,Tyler Place,334,389,All,8953,14600,5242,7592,8429,9369,10256,10852,11369,11859,12338,12819,13298,6926,10029,11135,12376,13547,14334,15017,15662
192,13,Puriri Dale Way,0,293,All,3542,7355,3475,3633,3795,3963,4136,4315,4501,4692,4889,5093,5304,7693,8056,8435,11638,5497,5733,5978,6231
193,917,Port Street East,1431,2115,All,1175,2799,3125,1177,1228,1280,1334,1390,1447,1506,1566,1628,1692,1758,1550,1615,1683,1752,1824,1897,1973
194,917,Port Street East,21,396,All,2179,2466,2760,3062,3373,3695,4028,6093,6623,7179,7762,15061,16549,18056,4940,5128,5322,5524,5732,5947,6170
195,974,Railway Terrace East,0,730,All,4714,5078,5465,3054,4443,4955,5529,6075,6449,6777,7089,7394,7700,8004,1788,1886,1914,2016,2120,2227,2336
196,37,Freemason Avenue,149,172,All,2973,3266,3570,3884,4210,3432,3532,3635,3741,3849,3961,4075,4192,4313,4437,4564,4695,4829,4967,5108,5253
197,9339,Weston Way,1051,1219,All,5100,10811,5332,5521,5715,5916,6123,8827,9201,6432,6657,6889,7129,7376,10630,11094,7669,7937,8213,8497,8790
198,917,Port Street East,2120,2350,All,2115,5081,5683,931,981,996,1049,1103,1158,1214,1272,1332,1392,1455,1518,1584,1651,1719,1790,1862,1936
199,9339,Weston Way,1589,1999,All,10737,6215,6502,6800,7107,7424,10799,11361,11948,24205,7750,8109,8480,8863,9259,13468,14201,14962,30354,9668,10116
200,917,Port Street East,874,1340,All,2859,4548,5038,1912,2881,3159,3494,3821,4057,4239,4401,4553,4700,4847,2592,3904,4336,4824,5274,5547,5769
201,20,Burkes Creek Road,697,765,All,3515,4778,5324,5837,6349,12361,13613,1411,1466,1522,1580,1639,1699,1761,1825,1890,1957,2025,2095,2167,2241
202,18,Monaghan Way,0,80,All,1266,1402,1543,1230,1275,1321,1369,1418,1469,1522,1576,1632,1689,1749,1810,1873,1938,2006,2075,2830,1759
203,6,Croatia Avenue,42,76,All,1060,2131,2419,2644,2845,1204,1234,1266,1298,1331,1364,1399,1434,1471,1508,1546,1585,1625,1649,1691,1734
204,21,Tapeka Heights Lane,0,277,All,5128,6930,2794,2896,3002,3111,3223,3339,3458,3581,3708,3838,5534,5769,6013,6265,8602,4620,4778,4941,5109
205,36,Paneika Lane,0,370,All,2815,3077,3348,3630,3922,4226,4542,4870,7262,4334,4471,4613,4758,4907,5061,5219,5382,5549,5721,5898,6081
206,38,Tyler Place,279,322,All,5500,11376,13045,14399,15640,5707,5894,6087,6285,6489,6699,6915,7137,7366,7601,7842,8091,8346,2082,2154,2227
207,917,Port Street East,0,21,All,3075,4986,5576,6091,6585,2421,2506,2594,2684,2777,2872,2970,3071,3175,3281,3391,3504,3620,3739,5379,5579
208,917,Port Street East,0,21,All,2623,4240,4723,5138,5533,1204,1239,1258,1294,1332,1370,1410,1450,1491,1534,1577,1622,1668,1715,1763,1812
209,37,Freemason Avenue,149,172,All,3132,3459,3798,4150,4517,1853,1917,1982,2049,2118,2188,2260,2334,2410,2488,2567,2649,2733,2818,2906,2997
210,20,Burkes Creek Road,697,765,All,3540,4826,5327,5790,6248,3723,3848,3976,4108,4244,4384,4527,6512,4042,4183,4329,4479,4633,4791,6902,7186
211,38,Tyler Place,279,322,All,8325,13462,14848,16009,17096,5696,8576,9526,10597,11585,12184,12672,13115,13536,13951,14356,14769,15198,2082,2147,2213
212,20,Burkes Creek Road,697,765,All,3236,4289,4660,4991,5312,2842,2944,3049,3158,3269,3383,3500,5045,5253,5469,5692,5922,11870,3870,4007,4148
213,10,Upper Ahu Ahu Road,0,46,All,1739,3524,4075,4537,4971,2025,2105,2188,2273,2362,2453,2546,2643,2743,2845,2951,3061,3173,3290,4750,6518
214,9339,Weston Way,2385,2696,All,4840,7930,3302,4767,5277,5848,6383,6734,7034,7316,7590,4434,6393,7067,7821,8525,8982,9372,9735,10089,5894
215,20,Burkes Creek Road,0,21,All,4653,7672,8568,9380,10182,3106,4717,5285,5928,6534,6927,7261,1522,1545,1613,1682,1754,1827,1903,1980,2060
216,8,Tarras Road,86,120,All,4307,4580,4866,5165,7633,2980,4494,4832,5227,5661,6093,6465,6768,7039,7298,7549,7796,8044,1094,1131,1169
217,20,Burkes Creek Road,0,21,All,5214,8904,10073,11158,12239,3360,3507,3658,3815,3977,4145,4317,1522,1545,1637,1731,1827,1926,2027,2130,2237
218,12,Kriletich Drive,0,263,All,2296,4675,5323,5835,2551,2627,2704,2784,2866,2950,3037,3126,3218,4615,4787,4965,5149,5338,3772,3882,3995
219,25,Founders Lane,0,597,All,3851,4253,4673,5112,5575,6067,6589,7140,4356,4552,4754,4964,5180,5403,5633,5871,6117,6371,6634,5985,6247
220,9,Kowhai Glen,0,305,All,2197,4379,4978,5451,2440,2510,2583,2658,2735,2814,2895,2979,3065,3153,3243,3337,4782,4947,5118,5295,5477
221,3,Matai Way,0,557,All,1255,2538,1332,1379,1428,1478,1530,1583,1637,1693,1751,1810,1871,1934,1999,2065,2973,4067,2237,2311,2386
222,15,Fendall Close,438,585,All,2302,3393,3602,6874,2706,2829,2957,3088,3223,3361,3504,3651,3803,7270,3674,3833,3995,4163,4335,4513,4696
223,11,Lower Ahu Ahu Road,0,158,All,2804,3840,7743,8710,2944,3063,3186,3313,3444,3580,3720,3865,4014,4169,4329,1253,1315,1335,1400,1467,1535
224,38,Tyler Place,334,389,All,6404,8535,9301,3371,4835,5319,5859,6357,6668,6927,7165,9747,10075,10400,4577,6564,7219,7949,8622,9041,9389
225,10,Upper Ahu Ahu Road,0,46,All,2125,4322,5020,5613,6175,6731,1094,1149,1166,1223,1281,1341,1402,1465,1530,1597,1665,1736,1808,1882,1959
226,15,Fendall Close,0,438,All,5058,8534,3251,4957,5573,6273,6936,7376,7753,4213,6408,7187,8070,8904,9448,13809,5272,8006,8966,10055,11080
227,37,Freemason Avenue,149,172,All,3830,4221,4625,5043,5476,5926,6393,6879,7384,7909,11782,12626,13511,25975,28291,1945,2012,2080,2150,2222,2296
228,27,Gallop Lane,116,136,All,2815,3022,3238,3463,3697,3941,4195,4460,4736,5023,5323,14123,15325,4896,5046,5201,5360,5524,5692,5865,6043
229,917,Port Street East,2120,2350,All,2034,4803,5355,2058,2148,2241,2336,2434,2535,2639,2746,2856,2969,3085,3204,3328,3454,3584,5180,7111,1010
230,9339,Weston Way,3457,3675,All,3749,3986,5898,11306,12282,3649,3757,3867,3981,4098,4218,4341,4468,4598,4732,4870,5011,7184,7425,7675,7934
231,9339,Weston Way,1237,1589,All,5146,5103,5283,5469,5661,5858,8446,8809,9187,18463,6502,6729,6963,7205,7454,10742,11226,11725,23590,8174,8459
232,16,Sarah Lane,0,515,All,5005,3591,3752,3918,4089,4266,4449,4637,4832,5033,5240,5454,5675,10842,5318,5546,5780,6023,6273,6531,6797
233,33,Okoare Lane,0,58,All,3345,3689,5634,6192,6776,920,966,980,1028,1077,1127,1179,1232,1286,1343,1400,1459,1520,1583,1647,1713
234,20,Burkes Creek Road,697,765,All,5307,7280,8127,8925,9723,5302,5467,5637,5812,5992,6178,6368,9144,5231,5402,5578,5760,5946,6138,8825,9172
235,20,Burkes Creek Road,549,697,All,3510,7383,8649,9747,3432,3588,3748,3914,4085,4262,4444,3773,3952,4137,4328,4525,4728,4938,4283,4492,4708
236,20,Burkes Creek Road,0,21,All,5557,11235,12619,13931,15253,4651,4855,5066,5284,5510,5742,5983,8681,9091,18346,5535,5789,6052,6323,6604,6894
237,27,Gallop Lane,0,116,All,1729,2389,4793,5368,1882,1960,2041,2125,2211,2300,2392,2486,2584,2685,2790,2459,2561,2667,2777,2889,3006
238,10,Upper Ahu Ahu Road,46,68,All,2999,4026,6537,7175,7819,2459,2534,2611,2690,2771,2854,2940,3028,3118,3211,3307,3405,3506,3610,3717,5331
239,11,Lower Ahu Ahu Road,0,158,All,3647,4978,10055,11329,3779,3930,4086,4247,4414,4586,4764,4948,5139,5335,5539,5749,5966,8623,8989,12351,5534
240,37,Freemason Avenue,0,149,All,3086,6364,7422,8331,3159,3291,3427,3567,3713,3863,4017,4177,4343,4513,4689,4101,4274,4452,4636,4826,5022
241,9339,Weston Way,2385,2696,All,4279,8856,4317,4485,4658,4837,5021,5211,5407,5610,5819,8406,8770,12060,6037,6267,6503,6747,6999,7259,7527
242,9339,Weston Way,2385,2696,All,5377,3284,3427,3575,3728,3885,4048,4216,4389,6363,6663,6976,9624,4635,4831,5033,5242,5457,5680,5909,6146
243,35,Leicester Place,0,660,All,7661,8787,10089,11285,12459,13636,14782,15980,6975,10117,11252,12528,13740,14566,15291,15983,16666,17355,18045,8275,12015
244,9339,Weston Way,1999,2369,All,6005,12525,5297,5547,5805,6071,6346,6630,6923,10066,13931,6400,6709,7027,7356,7695,8045,11711,7286,7647,8020
245,917,Port Street East,1431,2115,All,1857,4381,4879,1907,1991,2078,2167,2258,2353,2449,2549,2651,2757,2865,2976,3091,3209,3330,4814,6608,3096
246,9339,Weston Way,2696,3114,All,8452,3732,3891,4056,4226,4401,4581,6643,6958,9605,4622,4819,5023,5234,5451,5675,8227,8615,11889,5726,5970
247,2,Fladgate Drive,0,565,All,1887,3815,1992,2054,2119,2185,2254,2324,2397,2471,2548,2626,2707,2791,2877,4131,4278,5841,3196,3293,3394
248,20,Burkes Creek Road,697,765,All,2884,3862,4244,4594,4941,9519,10382,1411,1466,1522,1580,1639,1699,1761,1825,1890,1957,2025,2095,2167,2241
249,9339,Weston Way,1999,2369,All,3950,3492,3648,3810,3976,4148,4326,4509,6545,9041,4326,4520,4721,4927,5140,5360,7784,8164,11284,5362,5602
250,8,Tarras Road,0,86,All,1952,2933,3169,3418,3678,7108,7779,8457,1178,1236,1255,1316,1378,1443,1509,1577,1647,1718,1792,1868,1946
251,35,Leicester Place,0,660,All,4390,5118,5859,6621,7405,11448,12728,14075,5952,6200,6458,6724,7001,7287,7584,7891,8209,11896,12458,17197,7607
252,9339,Weston Way,965,1051,All,10169,14181,15841,17404,9310,9703,10111,10533,15284,16091,16932,17806,18731,9963,10410,10872,11351,11848,17221,18140,2326
253,15,Fendall Close,0,438,All,2757,5737,6641,7399,3097,3217,3341,3469,3600,3736,3876,3720,3863,4010,4161,4317,4478,6470,4420,4588,4762
254,43,Infantry Lane,0,95,All,2508,3388,3753,4089,4423,1329,1926,2140,2380,2606,2759,2892,3018,3141,3264,3387,712,747,759,795,833
255,11,Lower Ahu Ahu Road,0,158,All,2935,4066,2192,2285,2381,2480,2583,2689,2798,2911,3027,3147,3271,2916,3039,3165,3296,3431,3571,3715,3863
256,1035,Cousins Avenue East,0,61,All,1311,2608,2986,3293,3574,3844,1488,1535,1583,1632,1683,1735,1789,1843,1900,1958,2017,2078,2141,2205,2271
257,36,Paneika Lane,0,370,All,3482,3834,4198,4575,4966,5371,5792,6230,9314,5367,5536,5709,5887,6071,6259,6454,6654,6859,7071,7289,7513
258,917,Port Street East,21,396,All,1786,2068,2354,2647,2947,3256,3575,5440,5944,6472,7025,13677,15075,16493,4826,5014,5208,5408,5614,5827,6047
259,32,Karearea Lane,84,154,All,3437,5562,2129,3075,3405,3775,4122,4351,4547,4731,4911,5090,5268,2824,4078,4514,5003,5461,5762,6020,6262
260,9339,Weston Way,1051,1219,All,7438,15904,6181,6459,6748,7046,7354,10691,11234,11803,16340,7074,7411,7759,8119,8492,12367,13043,13748,27910,8428
261,32,Karearea Lane,154,820,All,2813,4556,5081,1906,2893,3188,3546,3903,4175,4391,4588,4774,4958,5142,2774,4199,4689,5244,5762,6090,6365
262,20,Burkes Creek Road,549,697,All,6182,3184,4632,5166,5766,6336,6730,7076,3452,5035,5627,6293,6930,7373,7766,3886,5675,6352,7114,7844,8356
263,27,Gallop Lane,116,136,All,3510,3808,4118,4439,4773,5121,5482,5859,6251,6660,7086,1004,1038,1073,1110,1147,1184,1223,1263,1304,1346
264,9339,Weston Way,3457,3675,All,3440,4575,5021,9769,10709,3500,3606,3714,3826,3940,4058,4179,4303,4431,4562,1316,1367,1419,1473,1527,1583
265,44,Dickins Lane,474,1091,All,2501,2894,3292,3699,4117,4547,4991,5451,8257,8997,9774,10589,11442,12336,6346,6601,6866,7140,7425,7721,8028
266,37,Freemason Avenue,172,362,All,5023,10557,12320,13832,5200,5430,5668,5914,6169,6432,6704,6985,7277,7578,10990,11520,12073,12647,17457,7970,8315
267,27,Gallop Lane,116,136,All,1904,2021,2144,2272,2405,2545,2690,2843,3004,3172,3348,1004,1038,1073,1110,1147,1184,1223,1263,1304,1346
268,5,Vintry Drive,0,362,All,3569,7315,8512,3655,3813,3977,4146,4320,4500,4686,4878,5076,5280,5491,5709,5934,8590,8968,12340,5838,6081
269,22,Sir John McKenzie Drive,0,530,All,2635,3605,7277,8203,2744,2854,2968,3086,3208,3334,3464,3599,3738,3882,4031,1412,1482,1505,1578,1653,1731
270,917,Port Street East,2120,2350,All,1148,2696,2974,1265,1304,1343,1384,1426,1468,1512,1557,1604,1651,1700,1725,1776,1828,1882,1937,1993,2051
271,917,Port Street East,1431,2115,All,3145,5163,1815,1893,1972,2054,3126,3311,3501,3704,3926,4158,4409,976,1030,1045,1101,1157,1215,1274,1335
272,22,Sir John McKenzie Drive,0,530,All,2024,2733,2003,2089,2179,2271,2367,2465,2567,2672,2780,2892,3007,3126,3249,4703,4909,6754,3199,3332,3468
273,38,Tyler Place,334,389,All,7110,14887,6298,6561,6832,7112,7401,7700,8009,8328,8658,8998,9350,8085,8427,8780,9145,9523,9912,10315,10731
274,38,Tyler Place,322,334,All,2319,2516,2720,4084,4409,8543,9377,2231,2343,2378,2494,2613,2735,2861,2990,3123,3259,3399,3544,3692,3844
275,38,Tyler Place,322,334,All,1742,1858,1978,2105,2239,1539,1612,1687,1764,1844,1926,2010,2096,2185,2277,2371,2330,2436,2472,2583,2696
276,15,Fendall Close,438,585,All,3205,4807,5184,10037,3277,3417,3562,3712,3866,4025,4189,4357,4531,8651,3964,4139,4320,4506,4698,4895,5099
277,37,Freemason Avenue,0,149,All,3466,7136,8340,9379,3439,3579,3723,3873,4027,4187,4352,4522,4698,4880,5068,5262,5462,7899,8238,11326,5132
278,3,Matai Way,0,557,All,2642,4374,2108,2174,2242,2312,2383,2457,2533,2612,2692,2775,2860,3885,2991,3083,3177,3274,3373,3475,3581
279,25,Founders Lane,0,597,All,2744,3025,3317,3621,3937,4267,4611,6923,3460,3615,3776,3942,4113,4290,4473,4662,4857,6668,6963,4746,4954
280,24,George Noble Road,0,272,All,3938,5391,10824,12135,4098,4269,4446,4628,4817,5013,5215,5424,5641,5864,6095,8825,9219,9631,13262,5988,6240
281,44,Dickins Lane,474,1091,All,2715,3153,3598,4051,4516,4995,5488,5999,4687,4874,5067,5266,5473,5687,5908,6138,6375,6620,6875,5619,5849
282,36,Paneika Lane,0,370,All,2252,2458,2672,2893,3123,3362,3611,3870,5766,6198,6653,7130,7630,4305,4441,4580,4724,4872,5025,5181,5343
283,36,Paneika Lane,0,370,All,2359,2620,2889,3167,3455,3753,4063,4384,6573,3641,3755,3872,3993,4118,4246,4378,4513,4653,4797,4946,5098
284,43,Infantry Lane,0,95,All,2691,3490,3793,4088,4389,1273,1325,1378,1432,1489,1547,1607,1669,1733,1799,1867,1938,2010,2085,2162,4117
285,9339,Weston Way,1051,1219,All,9904,21065,8353,8737,9134,9546,9971,14504,15250,16031,22206,9722,10191,10676,11178,11696,17042,17982,18961,38508,11676
286,17,Ash Drive,0,318,All,8975,12799,14663,16463,18283,20155,39862,1168,1185,1255,1327,1400,1475,1552,1631,1713,1796,1881,1969,2059,2152
287,21,Tapeka Heights Lane,0,277,All,6910,14491,16842,18837,7433,7775,8128,8494,8871,9262,9665,10083,10514,10960,15911,16702,17524,18379,25394,11807,12324
288,23,Apple Orchard Lane,0,185,All,2151,4305,4911,2108,2183,2260,2339,2421,2505,2592,2681,2773,2868,2966,3067,4417,4592,4774,4963,5157,5359
289,9339,Weston Way,3114,3398,All,3618,7526,3361,3513,3670,3832,4000,4173,4351,4536,4726,4171,4360,4556,4757,4966,5181,5403,5632,5868,5183
290,38,Tyler Place,334,389,All,5728,11725,5350,5564,5785,6013,6249,6493,6744,7004,7273,7550,7837,11330,11826,12343,16979,2341,2453,2489,2606
291,32,Karearea Lane,154,820,All,3392,2572,2677,2786,2898,3014,3133,3256,3383,3514,3649,3788,3932,4081,5898,6151,8454,4187,4350,4517,4690
292,7,Lumbarda Drive,0,152,All,1065,1123,1183,1246,1312,1381,1452,1527,1604,1685,2465,4676,5032,1854,1914,1975,2037,2102,2168,2236,2306
293,29,Riroriro Road,0,122,All,2143,2285,4384,1556,2267,2531,2829,3112,3309,3482,3647,3810,3973,4137,2226,3235,3603,4016,4408,4676,4910
294,32,Karearea Lane,820,1262,All,1835,1955,2897,3090,5923,6437,6953,2471,2574,2680,2790,2903,3019,3139,3263,3390,3522,3657,3797,3941,4089
295,974,Railway Terrace East,0,730,All,1985,2685,2964,3222,3478,2282,2384,2488,2595,2705,2819,2935,3056,3179,3307,3438,1805,1904,1933,2035,2140
296,7056,Dawick Street,0,78,All,3608,3946,2164,3140,3492,3888,4263,4517,4739,4950,5157,5364,5571,1027,1078,1094,1147,1202,1258,1315,1375
297,21,Tapeka Heights Lane,0,277,All,4823,10149,11836,13280,4955,5174,5401,5635,5878,6129,6389,6658,6935,7223,10477,10989,11521,12075,16673,7579,7909
298,20,Burkes Creek Road,21,520,All,4826,11825,13375,14818,4726,4937,5154,5380,5612,5852,6100,5115,5356,5605,5863,6128,6402,9313,5754,6035,6325
299,43,Infantry Lane,0,95,All,2089,3526,4058,4525,4976,1667,1731,1797,1866,1937,2010,2085,2163,2244,2327,2413,2501,2593,2688,2785,5300
300,917,Port Street East,2120,2350,All,1346,3207,3550,1494,1545,1597,1650,1705,1762,1820,1880,1941,2004,2069,2008,2074,2142,2212,2283,2357,2433
301,4,Highfield Drive,0,71,All,2497,4096,1571,2285,2546,2840,3119,3311,3479,3639,3796,3953,4111,2163,3140,3495,3893,4270,4527,4751,4964
302,11,Lower Ahu Ahu Road,0,158,All,1740,2372,4749,5308,1910,1990,2074,2160,2249,2340,2435,2533,2634,2738,2846,2523,2629,2739,2852,2969,3090
303,7056,Dawick Street,0,78,All,2173,2898,3933,6352,2489,2598,2710,2826,2946,3069,3196,3327,3463,3602,3746,3895,4048,4206,6087,8372,4036
304,29,Riroriro Road,0,122,All,1911,2586,1966,2054,2143,2236,2332,2430,2532,2637,2745,2857,2972,2728,2844,2963,3087,3214,3345,3481,3620
305,15,Fendall Close,438,585,All,2514,3732,2379,2490,2604,2721,2841,2965,3093,3225,3361,6429,2106,2138,2265,2395,2529,2665,2806,2950,3097
306,1038,Gossey Drive North,1319,1723,All,2953,7200,8163,9061,2851,2974,3101,3233,3369,3509,3654,5299,5544,11180,3354,3507,3664,3827,3995,4169,6058
307,1,Conifer Close,0,378,All,4049,10058,11377,12604,4349,4537,4731,4932,5139,5354,5575,5804,6040,6285,6537,5772,6021,6278,6544,6818,7101
308,41,Huamanu Street,0,116,All,3551,5871,6611,2416,2490,2566,2643,2723,2805,2890,2976,3066,3157,4286,4426,4570,2994,3088,3184,3282,3383
309,36,Paneika Lane,0,370,All,4552,5091,5672,6290,6950,7645,8350,9069,9806,1383,1430,1479,1529,1580,1633,1686,1742,1798,1856,1915,1976
310,26,Stud Road,0,205,All,3826,5292,5898,6467,12656,4120,4296,4478,4666,4861,5062,5270,5485,5707,4817,5030,5251,5479,5715,5958,6210
311,9167,Foxglove Drive,0,668,All,689,747,807,869,934,1002,1782,1841,1869,1930,1993,2058,2124,2193,2262,2334,2408,2483,2560,2640,2721
312,9167,Foxglove Drive,0,668,All,2175,2284,2398,2519,2646,2780,1782,1841,1869,1930,1993,2058,2124,2193,2262,2334,2408,2483,2560,2640,2721
313,9339,Weston Way,1589,1999,All,6686,14139,6231,6503,6784,7074,7374,10705,11243,11803,23874,7735,8074,8423,8785,9158,13296,13997,14724,29827,9624
314,9339,Weston Way,1999,2369,All,6777,3665,5349,5983,6698,7381,7859,8283,4153,6071,6799,7620,8407,8961,9455,4801,7023,7872,8828,9746,10395
315,26,Stud Road,0,205,All,4899,6919,7765,8566,16880,5115,5325,5541,5765,5997,6237,6485,6742,7008,5685,5928,6180,6440,6709,6987,7275
316,41,Huamanu Street,116,134,All,2638,2811,2997,3194,3403,3624,3858,973,1007,1041,1076,1111,1148,1186,1225,1264,1305,1346,1389,1433,1478
317,23,Apple Orchard Lane,0,185,All,1845,3057,1495,1538,1581,1626,1671,1719,1767,1817,1868,1920,1974,2029,2906,3004,3106,3211,3319,3430,2430
318,7056,Dawick Street,0,78,All,1574,2112,2882,4678,1752,1826,1903,1982,2064,2148,2235,2325,2418,2513,2612,2714,2819,2927,4233,5820,2760
319,41,Huamanu Street,116,134,All,2071,2231,2397,2570,2750,2938,3133,973,1007,1041,1076,1111,1148,1186,1225,1264,1305,1346,1389,1433,1478
320,36,Paneika Lane,370,391,All,3686,6257,7137,7901,8633,3077,3212,3351,3494,3642,5004,5229,5464,5707,5959,6220,1616,1697,1722,1806,1892
321,15,Fendall Close,736,814,All,15176,5062,7389,8232,9200,10138,10821,11416,2313,2347,2487,2630,2777,2927,3081,3240,3402,3568,4929,3647,3824
322,39,Ashlar Court,0,251,All,3556,5741,2050,3124,3511,3950,4367,4644,4881,5105,5323,5541,5757,2759,4201,4719,5306,5863,6230,6546,6842
323,4,Highfield Drive,0,71,All,1197,2460,2830,1318,1361,1405,1450,1497,1544,1594,1644,1696,1750,1805,1137,1174,1192,1230,1270,1311,1352
324,44,Dickins Lane,0,474,All,4147,4640,5147,5669,6208,4877,5067,5264,5467,5678,5896,6121,6354,6595,6844,7102,7369,7644,11047,11509,15806
325,917,Port Street East,21,396,All,3194,3852,4511,5177,5858,6557,3757,3928,4104,4285,4471,4663,4860,5063,5272,5486,5707,5935,6168,6409,9274
326,20,Burkes Creek Road,0,21,All,3283,6440,7103,7719,8334,2727,2861,3000,3143,3290,3442,3600,5240,5505,11142,3541,3713,3890,4073,4261,4456
327,9167,Foxglove Drive,0,668,All,713,754,797,842,889,938,952,991,1032,1073,1116,1159,1204,1250,1298,1346,1396,1447,1499,1553,2240
328,26,Stud Road,0,205,All,2715,3706,4112,4490,8756,2980,3112,3247,3387,3532,3682,3836,3996,4161,3587,3749,3916,4089,4267,4452,4643
329,28,Stirrup Lane,0,261,All,3992,5512,3677,3832,3993,4158,4330,4508,4691,4881,5077,5280,5489,7949,8309,8684,11962,1434,1506,1528,1603
330,44,Dickins Lane,0,474,All,2102,2357,2618,2888,3167,4813,5259,5725,11178,12358,3958,4119,4286,4458,4636,4820,5010,5206,5409,5619,5836
331,22,Sir John McKenzie Drive,0,530,All,1281,1748,3471,3854,1559,1637,1717,1799,1884,1971,2061,2154,2249,2347,2448,2484,2590,2699,2811,2926,3045
332,9339,Weston Way,1589,1999,All,9303,6404,6722,7050,7389,7739,11286,11903,12547,25475,7875,8271,8679,9102,9538,13917,14716,15546,31624,9770,10264
333,44,Dickins Lane,474,1091,All,3118,3627,4142,4668,5207,5762,6334,6926,10502,11454,12452,13499,14596,15746,8113,8438,8776,9127,9490,9868,10259
334,36,Paneika Lane,370,391,All,2329,4804,5545,6160,6735,2743,2844,2947,3054,3164,3278,3395,3516,3641,3770,3902,3731,3865,4003,4146,4293
335,917,Port Street East,874,1340,All,1620,3327,1586,1652,1720,1789,1861,1935,2011,2089,2170,2252,2338,2111,2196,2284,2374,2467,2562,2660,2761
336,27,Gallop Lane,0,116,All,1944,2616,3576,5814,2145,2235,2329,2425,2525,2627,2734,2843,2956,3073,3193,3317,3446,3578,5175,7115,3354
337,13,Puriri Dale Way,0,293,All,3144,6494,3313,3439,3568,3702,3840,3983,4130,4282,4438,4599,4766,6879,7171,7474,10267,5176,5366,5561,5763
338,8,Tarras Road,86,120,All,1886,2012,2144,2282,2425,3586,3823,7325,7955,1047,1083,1120,1157,1196,1236,1276,1318,1360,1404,1449,1495
339,24,George Noble Road,272,286,All,1945,2044,2148,2257,2370,2487,3636,3838,4050,4273,8107,1351,1397,1445,1493,1543,1594,1647,1700,1756,1812
340,13,Puriri Dale Way,0,293,All,2194,4518,2321,2399,2479,2561,2646,2733,2823,2915,3010,3109,3210,4616,4795,4981,6820,3699,3818,3940,4066
341,38,Tyler Place,0,279,All,5443,8961,3475,5056,5638,6294,6917,7347,7726,8087,8442,8799,9156,4818,7000,7797,8692,9541,10123,10633,11118
342,1037,Epiha Road Upper,0,415,All,6204,3025,4616,5033,5522,6061,6600,7053,3231,4942,5575,6294,6981,7445,7850,3602,5520,6237,7054,7836,8369
343,30,Curly McLeod Way,0,69,All,1096,1018,1061,1105,1151,1199,1247,1298,1350,1403,1459,1516,1575,1635,1698,1762,3359,875,918,932,977
344,20,Burkes Creek Road,697,765,All,3729,5056,5622,6153,2742,2831,2923,3017,3114,3214,3316,6284,1446,1502,1559,1619,1679,1741,1804,1870,1936
345,7056,Dawick Street,78,88,All,1970,2113,2262,2417,2578,2746,2921,3103,3294,3492,3698,9808,10637,11466,913,944,976,1009,1043,1077,1113
346,29,Riroriro Road,122,139,All,611,650,691,733,777,823,871,2309,2503,988,1030,1074,1118,1163,1210,1258,1307,1358,1410,1463,1517
347,9,Kowhai Glen,0,305,All,3307,1917,1992,2069,2150,2232,2317,2405,2496,2590,2686,2786,2889,4172,4348,4531,4720,4917,5121,10276,3216
348,9167,Foxglove Drive,0,668,All,2762,2929,3103,3285,3475,3672,3203,3337,3475,3617,3763,3913,4067,4226,4390,4559,4732,4911,5094,5283,7631
349,15,Fendall Close,585,643,All,3822,4158,4506,4868,5244,4054,4215,4381,4552,4729,4911,5100,5294,7654,7977,8313,16695,2158,2190,2320,2454
350,9339,Weston Way,3398,3457,All,4856,2605,3781,4207,4686,5139,5447,5716,5971,6221,1452,1473,1560,1649,1740,1834,1930,2028,2129,2232,2338
351,1092,Bronte Road East,156,183,All,2554,5125,5918,6581,7202,7810,1281,1325,1370,1416,1463,1512,1561,1612,1664,1718,1773,1829,1887,1946,2006
352,15,Fendall Close,643,736,All,6660,9280,18753,21147,6670,6971,7282,7603,7936,8280,12031,12635,17488,7688,8053,8430,8820,9223,13430,14141,14885
353,44,Dickins Lane,474,1091,All,3568,4115,4670,5238,5821,6422,7042,7684,11632,12667,13754,14893,16087,17338,8909,9267,9640,10026,10427,10843,11275
354,13,Puriri Dale Way,0,293,All,7760,10083,3146,4790,5309,5933,6550,7015,7395,10790,11365,11947,12537,4345,6608,7412,8323,9185,9748,10230,10681
355,29,Riroriro Road,122,139,All,2067,2207,2352,2504,2661,851,880,910,941,972,1004,1037,1071,1106,1141,1178,1215,1253,1292,1333,1374
356,917,Port Street East,1431,2115,All,2545,3381,3720,1350,1409,1469,1530,1593,1659,1726,1795,1865,1938,2013,2091,2170,2252,2336,3374,4630,2186
357,9339,Weston Way,2385,2696,All,2945,6069,3122,3232,3346,3463,3583,3707,3835,3967,4103,5910,6149,8433,4602,4757,4917,5081,5250,5425,5604
358,29,Riroriro Road,122,139,All,1343,1419,2087,2221,2360,1563,1613,1664,1717,1772,1828,1885,1944,2005,2067,2131,2197,2264,2099,2165,2234
359,36,Paneika Lane,370,391,All,1586,3252,3746,4156,4536,1905,1969,2035,2102,2172,2244,2317,2393,2471,2552,2635,2720,3912,4062,5559,3036
360,21,Tapeka Heights Lane,0,277,All,5347,5087,5322,5564,5815,6074,6341,6618,6904,7199,7504,10893,11428,11986,12565,17355,8178,8534,8902,9282,9674
361,6,Croatia Avenue,42,76,All,764,1515,1722,1884,2030,2167,899,923,947,972,997,1024,1050,1078,1106,1135,1164,1194,1225,1257,1290
362,917,Port Street East,0,21,All,2912,4680,5239,5733,6213,1204,1270,1289,1358,1428,1499,1572,1647,1724,1803,1883,1966,2051,2138,2227,2318
363,15,Fendall Close,0,438,All,4395,3868,4061,4260,4465,4677,4895,5120,4527,4754,4988,5230,5479,5736,8360,5318,5586,5861,6146,6439,6742
364,29,Riroriro Road,0,122,All,2522,3447,4724,7699,2750,2865,2984,3106,3232,3363,3497,3636,3780,3928,4081,1009,1059,1075,1128,1181,1236
365,9339,Weston Way,2385,2696,All,7211,12054,3889,5649,6290,7012,7697,8166,8577,8969,9355,4523,6580,7338,8192,9004,9565,10060,10531,10996,1952
366,9167,Foxglove Drive,0,668,All,1567,1638,1713,1790,1870,1954,1782,1841,1869,1930,1993,2058,2124,2193,2262,2334,2408,2483,2560,2640,2721
367,9,Kowhai Glen,0,305,All,1399,2802,3201,3522,1422,1474,1528,1583,1640,1699,1760,1822,1887,1953,2022,2092,3017,3139,3266,3398,3535
368,26,Stud Road,0,205,All,3732,5249,5886,6489,12759,3910,4070,4236,4408,4586,4770,4960,5157,5361,4369,4556,4750,4951,5159,5373,5595
369,20,Burkes Creek Road,21,520,All,3098,7556,3062,3181,3305,3432,3563,3698,3838,3612,3753,3898,4048,4202,4362,4526,4253,4419,4590,4766,4948
370,18,Monaghan Way,0,80,All,1283,1425,1577,1738,1901,952,1376,1525,1693,1850,1954,2044,2129,2212,2294,2376,935,982,996,1045,1095
371,20,Burkes Creek Road,697,765,All,2092,2788,3050,3288,2487,2588,2692,2798,2907,3019,3135,4532,4732,4940,5154,5376,10803,1481,1538,1597,1658
372,22,Sir John McKenzie Drive,0,530,All,2557,4185,4667,1809,1890,1974,2060,2149,2241,2335,2432,2532,2635,2742,2851,2964,4291,6550,9062,3373,3502
373,9339,Weston Way,886,939,All,10812,14657,16200,5284,7645,8478,9412,10290,10872,11373,15614,6295,9107,10099,11211,12255,12948,13544,14104,7488,10832
374,9339,Weston Way,3457,3675,All,1134,1184,1236,3233,3459,1366,1408,1451,1496,1541,1588,1635,1684,1735,1786,1839,1893,2715,2807,2903,3001
375,1013,Brook Street North,0,220,All,968,1937,2227,1067,1102,1138,1175,1213,1252,1293,1334,1377,1421,1466,1513,1561,1610,1661,3146,1681,1735
376,11,Lower Ahu Ahu Road,158,179,All,2767,3000,3243,3495,3757,4029,4313,4608,4915,5236,5570,1088,1125,1163,1202,1242,1284,1326,1369,1413,1459
377,36,Paneika Lane,391,520,All,3413,3797,4192,6409,7056,4472,4617,4766,4919,5077,5239,5405,5577,5753,5934,6120,6312,9067,1444,1494,1545
378,37,Freemason Avenue,172,362,All,10304,17138,19307,6320,6598,6885,7182,7489,7807,8136,8476,8827,9191,13328,13966,14632,22407,31099,9625,10042,10472
379,1035,Cousins Avenue East,0,61,All,1948,3911,4489,4961,5396,2051,2115,2179,2246,2314,2385,2457,2531,2607,2685,2765,2848,2932,2665,2748,2833
380,9339,Weston Way,3114,3398,All,3229,6846,2798,2917,3039,3166,3296,3431,3571,3715,3864,3266,3409,3557,3710,3868,4031,4200,4374,4554,3929
381,15,Fendall Close,736,814,All,3690,7856,3471,3599,3731,3867,4008,4153,5994,3972,4121,4274,4432,4596,6637,6930,4614,4789,4969,5154,5345
382,4,Highfield Drive,0,71,All,1519,1476,1540,1606,1674,1744,1816,1891,1968,2047,2129,2214,2301,2391,2483,3592,4938,2406,2503,2604,2708
383,36,Paneika Lane,370,391,All,2651,5446,6301,7019,7694,8356,3114,3242,3375,3511,3653,3798,3949,4104,4265,4430,4601,4778,6910,7216,9931
384,7,Lumbarda Drive,0,152,All,2032,2148,2268,2394,2526,2664,1699,1754,1811,1869,1929,1991,2054,2119,2186,2254,2325,2397,2471,2547,2625
385,41,Huamanu Street,0,116,All,1433,2856,3252,3566,3849,4118,1638,1686,1735,1785,1837,1890,1944,2000,2057,2116,2176,2238,2301,2367,2434
386,27,Gallop Lane,0,116,All,4303,5946,2404,3659,4108,4617,5099,5416,5688,5943,6192,6441,6687,3098,4718,5298,5958,6582,6994,7347,7680
387,42,Te Manaki Street,0,377,All,3994,6496,7227,2772,2871,2972,3077,3184,3295,3410,3528,3649,3774,3903,3808,3940,4076,4216,4360,4509,4662
388,9339,Weston Way,2385,2696,All,8929,5466,5712,5966,6229,6500,6780,7069,7368,7677,1861,1889,2000,2114,2231,2352,2475,2601,2730,2863,3000
389,29,Riroriro Road,0,122,All,2096,2767,5426,5952,2467,2567,2671,2777,2887,3001,3117,3238,3362,3490,3622,3758,3898,4043,5840,8020,4124
390,917,Port Street East,1340,1431,All,2173,3491,1420,1461,1504,1547,1592,2395,2507,2620,2743,2875,3011,1914,1968,2024,2081,2140,2200,2262,2326
391,28,Stirrup Lane,0,261,All,3755,5114,10203,11372,4203,4390,4584,4784,4991,5205,5425,5653,5889,6132,6383,9254,9685,10134,13974,6569,6850
392,917,Port Street East,1340,1431,All,2028,4111,1850,1927,2007,2090,2175,2262,2352,2444,2540,2638,2739,2843,2950,3060,3174,4584,6292,2868,2984
393,6,Croatia Avenue,0,42,All,1447,1943,2660,4329,4776,1619,1684,1751,1820,1892,1965,2042,2120,2201,2285,2372,2461,2553,2648,3826,5252
394,1013,Brook Street North,0,220,All,2909,2533,2635,2741,2849,2962,3077,3197,3320,3447,3578,3713,3853,3997,4145,4298,8184,1338,1405,1426,1495
395,9339,Weston Way,2385,2696,All,8066,16854,7061,7367,7684,8012,8350,8700,9062,9435,9822,14240,14908,20569,9286,9697,10122,10561,11015,11484,11970
396,32,Karearea Lane,0,56,All,3557,7136,8199,3387,3492,3599,3710,3824,3940,4060,4183,4310,4440,4574,4711,4852,4996,5145,5298,7599,7864
397,20,Burkes Creek Road,0,21,All,6351,12309,13527,14767,16059,4296,6258,6988,7808,8591,9134,9613,1522,1545,1637,1731,1827,1926,2027,2130,2237
398,27,Gallop Lane,0,116,All,2664,3542,4787,7702,3115,3255,3399,3548,3702,3860,4023,4192,4365,4545,4729,4920,5117,5320,7703,10602,5162
399,15,Fendall Close,438,585,All,4419,4674,4940,9388,3384,3536,3691,3852,4017,4187,4361,4541,4727,9031,4515,4708,4906,5111,5321,5537,5760
400,38,Tyler Place,279,322,All,4288,8737,9970,10954,11844,4930,5073,5220,5371,5526,5685,5849,6017,6189,6366,6548,6735,6927,9924,10265,10619
401,44,Dickins Lane,474,1091,All,3331,3853,4382,4923,5478,6049,6639,10100,4565,4746,4934,5128,5329,5537,5753,5976,6207,6446,6694,5459,5683
402,917,Port Street East,2120,2350,All,2316,4487,1566,1629,1694,1760,1829,1900,1973,2048,2125,2205,2287,2371,2458,2547,2640,3809,5222,2345,2438
403,30,Curly McLeod Way,69,82,All,910,1811,2056,2250,2422,1038,1065,1094,1123,1153,1184,1215,1247,1280,1314,1349,1385,1421,1409,1446,1484
404,974,Railway Terrace East,0,730,All,2920,3893,4276,3146,3293,3444,3599,3759,3923,4092,4266,4445,4629,4818,4349,4540,4736,4938,5145,5359,5578
405,16,Sarah Lane,0,515,All,5218,8476,3787,3915,4048,4184,4324,4469,4618,4771,4930,5092,5260,5433,7817,8113,11102,6004,6200,6402,6609
406,44,Dickins Lane,0,474,All,2894,3287,3688,4100,4524,6913,7587,8292,16244,18011,2134,2240,2274,2385,2499,2616,2736,2860,2987,3118,3252
407,20,Burkes Creek Road,765,1789,All,3703,7676,8936,10013,3750,3931,4118,4311,4510,4715,4927,4316,4528,4747,4973,5206,5447,5695,5026,5275,5533
408,27,Gallop Lane,0,116,All,3094,4160,5694,2046,3124,3517,3963,4388,4672,4917,5149,5374,5601,5825,2833,4318,4853,5461,6038,6420,6749
409,40,Bravery Road,0,278,All,5231,7061,11335,5281,5454,5632,5815,6004,6198,6397,6602,6812,7029,7252,10422,10827,7003,7233,7471,7715,7965
410,1035,Cousins Avenue East,0,61,All,2360,3138,3425,1110,1594,1755,1936,2103,2208,2296,2377,2454,2532,2607,3539,3654,1093,1131,1169,1208,1248
411,20,Burkes Creek Road,21,520,All,2816,6846,7724,8537,2789,2916,3048,3183,3324,3468,3618,5255,5509,11127,3422,3583,3749,3920,4097,4279,6224
412,44,Dickins Lane,0,474,All,3194,3653,4166,4604,5026,2824,4109,4584,5118,5625,5975,6283,6576,6864,7154,7443,2196,2306,2341,2455,2572
413,11,Lower Ahu Ahu Road,0,158,All,1225,1632,3225,3564,1477,1547,1618,1692,1769,1847,1928,2011,2097,2185,2276,2369,2466,3574,3734,5142,2814
414,15,Fendall Close,0,438,All,4417,9205,10757,12093,4444,4657,4878,5105,5340,5582,5832,8485,11749,5443,5707,5980,6261,6552,6852,9977,10491
415,19,Elm Close,0,82,All,3613,3945,2229,3402,3807,4278,4735,5056,5327,5582,5828,6075,6325,3050,4648,5225,5880,6501,6913,7267,7600
416,30,Curly McLeod Way,69,82,All,2696,4344,4810,5200,5564,731,756,781,808,834,862,890,919,949,979,1010,1042,1075,1109,1143,1179
417,9339,Weston Way,2696,3114,All,9765,3891,4064,4242,4427,6434,6790,7159,4180,4377,4580,4790,5007,5231,7609,4679,4908,5145,5389,5641,5901
418,37,Freemason Avenue,0,149,All,2693,5459,6288,6975,3108,3215,3326,3441,3558,3679,3804,3933,4066,4202,4343,4488,4637,6675,6930,9484,4989
419,9339,Weston Way,886,939,All,9801,13804,18754,5771,8742,9467,10320,11255,16967,18217,19322,1972,2049,2128,2208,2291,2376,2463,2552,2643,2736
420,974,Railway Terrace East,0,730,All,3102,4185,4639,5062,5484,3457,3604,3754,3909,4069,4233,4403,4577,4757,4942,5133,1805,1904,1933,2035,2140
421,917,Port Street East,396,874,All,1861,3761,1882,1954,2027,2103,2181,2261,2344,2429,2516,2606,2698,2793,2891,2992,3095,4460,6107,2989,3097
422,18,Monaghan Way,0,80,All,774,847,924,1003,1086,1171,1260,1885,2494,3978,4328,1288,1335,1384,1435,1487,1541,1596,1654,1713,1774
423,24,George Noble Road,272,286,All,7164,7802,8479,9193,9949,10747,11587,1325,1370,1417,1465,1514,1564,1615,1668,1722,1777,1834,1893,1952,2014
424,9339,Weston Way,886,939,All,12811,25934,29301,32391,9698,10023,10359,10704,11060,15917,16634,17372,18128,18944,10247,10609,10982,11366,16384,17172,17985
425,43,Infantry Lane,0,95,All,1806,2956,3329,3661,3983,1209,1752,1945,2162,2367,2505,2624,2738,2848,2959,3070,712,747,759,795,833
426,2,Fladgate Drive,0,565,All,3402,7063,3112,3242,3376,3514,3657,3805,3958,4115,4278,4446,4619,4046,4216,4391,4573,4760,4953,5153,5359
427,36,Paneika Lane,391,520,All,1906,2087,2273,2467,3717,2510,2594,2679,2768,2858,2951,3047,3146,3247,3351,3458,3568,5129,3411,3523,3639
428,9339,Weston Way,3457,3675,All,1008,1052,1530,2886,3088,1214,1251,1290,1329,1369,1410,1452,1496,1540,1586,1610,1657,1706,1756,1808,1860
429,15,Fendall Close,438,585,All,3696,2960,3082,3207,3335,3468,3605,3747,3892,4042,7708,3468,3618,3771,3930,4093,4261,4435,4614,4799,9162
430,38,Tyler Place,0,279,All,4734,9798,11356,5024,5236,5456,5683,5917,6159,6408,6666,6932,7207,7491,10844,11335,11846,16315,7913,8233,8563
431,40,Bravery Road,0,278,All,1248,1727,2808,3796,4213,1658,1745,1833,1924,2017,2113,2210,2311,2413,2519,2627,3814,4003,2894,3013,3135
432,20,Burkes Creek Road,21,520,All,6862,3478,5059,5641,6295,6918,7346,7723,3741,5455,6097,6819,7509,7989,8415,4190,6121,6852,7675,8463,9017
433,9339,Weston Way,2696,3114,All,6942,3822,3991,4167,4347,4534,4726,7201,4420,4619,4824,5036,5254,5480,7959,5160,5394,5636,5885,6141,6407
434,917,Port Street East,396,874,All,1448,1139,1182,1225,1270,1316,1364,1412,1462,1513,1566,1620,1675,1732,1790,1850,2663,3643,2004,2070,2137
435,9,Kowhai Glen,0,305,All,1875,3801,1772,1838,1906,1977,2050,2125,2202,2282,2364,2449,2536,2313,2400,2489,2581,2676,2774,2875,2979
436,917,Port Street East,1340,1431,All,1733,3507,1633,1704,1777,1853,1930,2010,2091,2176,2262,2352,2444,2538,2635,2736,2839,4102,5633,2602,2709
437,36,Paneika Lane,370,391,All,5523,9101,10299,11373,12436,3845,4004,4169,4338,4514,4696,4884,5078,5279,5487,5702,5924,8573,8957,12335,1647
438,19,Elm Close,0,82,All,4601,5063,7718,3588,3733,3882,4036,4196,4361,4531,4707,4889,5077,5271,5472,5679,8210,8557,11758,5326,5542
439,20,Burkes Creek Road,21,520,All,5440,10812,12041,3969,4152,4341,4536,4738,4946,5160,7498,7860,15879,4911,5143,5382,5628,5883,6145,8939,9385
440,20,Burkes Creek Road,697,765,All,3656,4925,5402,5840,7718,2804,4261,4659,5137,5651,6112,6459,9425,3609,5473,6121,6854,7541,7980,11631,12192
441,9339,Weston Way,2385,2696,All,3885,8003,4001,4146,4295,4449,4608,4772,4940,5114,5294,7632,7947,10908,5579,5777,5981,6191,6408,6632,6862
442,15,Fendall Close,438,585,All,4107,2298,2396,2498,2602,2710,2821,2935,2520,2633,2749,2869,2993,3120,3251,2848,2979,3114,3253,3397,3544
443,9339,Weston Way,3114,3398,All,4411,9130,10643,4184,4368,4557,4753,4956,5165,5381,5604,5834,8459,8847,12196,5606,5853,6109,6372,6645,6926
444,25,Founders Lane,0,597,All,2303,2611,2926,3250,3584,5473,6031,6616,3903,4067,4236,4412,4593,4780,4974,5175,5382,5596,5818,4985,5199
445,20,Burkes Creek Road,549,697,All,3865,8001,9357,10528,3801,3975,4154,4340,4531,4728,4932,7165,7506,15154,4690,4910,5136,5370,5611,5860,6117
446,2,Fladgate Drive,0,565,All,5194,7103,2454,3562,3965,4418,4847,5139,5395,5638,5877,6117,6357,3231,4691,5221,5817,6381,6766,7103,7423
447,32,Karearea Lane,0,56,All,3653,5942,6634,1645,1702,1760,1819,1880,1942,2006,2071,2139,2208,2278,2351,2425,2501,2579,2659,2741,2825
448,1013,Brook Street North,0,220,All,2128,4308,5004,2032,2114,2198,2285,2374,2466,2562,2660,2762,2866,2974,3086,3201,3320,3442,6554,3052,3174
449,18,Monaghan Way,0,80,All,1289,1421,1558,1699,1845,1474,1528,1583,1641,1700,1761,1825,1890,1957,2026,2098,2172,2248,2327,2408,2491
450,13,Puriri Dale Way,0,293,All,4100,2833,2959,3089,3223,3363,3506,3655,3808,3967,4130,4299,6233,6525,6829,9418,4410,4600,4795,4997,5205
451,9339,Weston Way,3398,3457,All,3340,6831,7948,8901,3208,3338,3472,3611,3755,3903,4055,4213,4376,3710,3866,4028,4195,4367,4545,4729,4918
452,15,Fendall Close,585,643,All,3897,4286,4702,2316,3360,3737,4161,4561,4833,5069,2086,2117,2243,2372,2504,2640,2779,2921,3067,3217,4445
453,35,Leicester Place,0,660,All,6023,6858,7710,8584,9485,14508,15999,17563,9531,9924,10332,10754,11192,11647,12118,12606,13112,18999,19893,11446,11932
454,1092,Bronte Road East,0,156,All,1640,1593,1655,1720,1786,1854,1925,1997,2072,2149,2228,2310,2395,2481,2571,2663,3636,2517,2611,2708,2808
455,21,Tapeka Heights Lane,0,277,All,3593,7477,8626,9580,4146,4294,4446,4604,4766,4933,5106,5284,5468,5657,8153,8499,8857,9227,12668,6523,6749
456,9339,Weston Way,886,939,All,8212,16459,22365,24758,8105,8396,8696,9005,9322,13442,14073,14723,15389,16106,9198,9538,9888,10248,14792,15523,16278
457,917,Port Street East,2120,2350,All,1999,3761,4015,1418,2036,2240,2469,2679,2811,2920,3021,3118,3213,3307,981,1011,1026,1058,1090,1123,1157
458,9167,Foxglove Drive,0,668,All,1941,2040,2144,2251,2363,2480,6520,7003,7480,2726,2830,2938,3048,3162,3279,3399,3523,3650,3781,3915,4053
459,9339,Weston Way,1999,2369,All,5892,3561,3729,3902,4081,4265,4455,4651,6762,9355,4416,4624,4839,5060,5289,5525,8036,8442,11685,5477,5735
460,9339,Weston Way,2385,2696,All,3950,3572,3740,3913,4092,4277,4467,4664,4867,5077,7375,7734,10688,5041,5270,5506,5750,6002,6263,6531,6809
461,24,George Noble Road,0,272,All,3866,5412,3663,3821,3984,4153,4327,4507,4693,4885,5084,5289,5501,4844,5053,5268,5491,5721,5959,6205,6459
462,917,Port Street East,874,1340,All,3209,6523,2852,2970,3091,3215,3343,3475,3611,3751,3895,4044,4197,4355,4517,4684,6765,7042,9661,4334,4509
463,917,Port Street East,396,874,All,2043,4140,1909,1992,2077,2164,2254,2347,2442,2540,2641,2745,2852,2962,3076,3192,3313,4787,6574,3026,3150
464,29,Riroriro Road,0,122,All,2288,3176,4381,7178,2412,2509,2609,2713,2820,2931,3046,3164,3286,3412,3542,3040,3165,3295,3428,3566,3709
465,43,Infantry Lane,0,95,All,1054,2133,2466,2745,3007,1203,1251,1300,1351,1404,1458,1514,1571,1631,1692,1755,712,746,757,792,829
466,10,Upper Ahu Ahu Road,46,68,All,2369,3162,6285,6980,7658,2555,2633,2713,2796,2881,2968,3058,3150,3244,3342,3441,3544,3650,3758,3870,5550
467,10,Upper Ahu Ahu Road,0,46,All,4087,8425,9858,11098,12288,1089,1143,1160,1217,1275,1334,1395,1458,1523,1589,1657,1727,1799,1873,1949,2028
468,1092,Bronte Road East,0,156,All,1401,1421,1471,1521,1574,1627,1683,1740,1798,1859,1921,1985,2051,2119,2188,2260,3077,2232,2306,2383,2462
469,20,Burkes Creek Road,697,765,All,2772,2953,3145,1965,2850,3167,3523,3858,4084,4278,4462,2606,3767,4175,4631,5058,5339,5580,5806,3233,4668
470,3,Matai Way,0,557,All,3494,3046,3171,3300,3434,3572,3714,3861,4012,4169,4330,4497,4669,4847,5030,7271,9990,4654,4842,5037,5238
471,3,Matai Way,0,557,All,3537,5782,2193,3187,3550,3958,4346,4611,4844,5065,5282,5500,5717,2988,4337,4826,5376,5896,6250,6559,6853
472,917,Port Street East,1340,1431,All,1483,2979,1559,1612,1667,1723,1781,1841,1902,1965,2029,2096,2164,2234,2307,2381,2457,3532,4826,2451,2531
473,7056,Dawick Street,0,78,All,2908,3180,1741,2526,2809,3128,3429,3634,3812,3981,4147,4314,4480,2275,3301,3672,4088,4482,4749,4983,5204
474,28,Stirrup Lane,0,261,All,4974,5355,10365,3445,5019,5603,6261,6888,7323,7708,8074,8436,8800,9164,4796,6975,7776,8676,9532,10121,10639
475,28,Stirrup Lane,0,261,All,7176,9856,13563,4566,6971,7672,8539,9445,10219,10833,11389,11926,12452,12983,6152,9387,10562,11898,13168,14016,14749
476,40,Bravery Road,0,278,All,6355,8656,13967,15242,5920,5223,5393,5568,5747,5933,6123,6319,6520,9372,9750,10140,10542,10955,6828,7053,7284
477,9339,Weston Way,814,886,All,6930,11416,12637,4272,6429,7137,7935,8671,9115,13201,13763,5015,7547,8380,9318,14186,15092,15874,16604,5918,8907
478,15,Fendall Close,585,643,All,4810,5244,5695,6163,6649,5079,5278,5483,5694,5913,6138,6371,6611,9555,9954,10370,20821,2158,2190,2320,2454
479,9167,Foxglove Drive,0,668,All,2127,2247,2371,2501,2637,2778,7329,7900,8467,2907,3033,3163,3296,3433,3574,3719,3869,4022,4181,4343,4511
480,917,Port Street East,2120,2350,All,3440,1707,1782,1859,1938,2020,2104,2190,2279,2370,2464,2561,2660,2763,2868,3923,2585,2692,2802,2915,3031
481,9339,Weston Way,1999,2369,All,2673,2712,2808,2906,3007,3112,3219,3330,4798,6581,3519,3639,3764,3892,4024,4161,5992,6234,8550,4443,4594
482,7056,Dawick Street,0,78,All,3834,4167,1567,2389,2625,2916,3220,3480,3685,3869,4047,4219,4393,2102,3202,3597,4045,4470,4751,4991,5218
483,9,Kowhai Glen,0,305,All,1964,3942,4512,4973,1893,1969,2048,2129,2213,2299,2389,2481,2576,2674,2775,2880,4162,4342,4529,4723,4924
484,22,Sir John McKenzie Drive,0,530,All,4583,6290,10355,3479,3620,3766,3916,4072,4233,4399,4571,4748,4931,5121,5316,5519,7979,8320,11436,5183,5394
485,27,Gallop Lane,0,116,All,2840,3853,2667,2776,2890,3006,3127,3252,3380,3513,3651,3792,3938,4089,4245,4406,6369,8753,4067,4232,4403
486,20,Burkes Creek Road,21,520,All,4462,8482,9151,3313,3448,3587,3730,3878,4031,4188,6060,6328,12735,4473,4648,4828,5015,5206,5404,7812,8153
487,20,Burkes Creek Road,21,520,All,2754,6579,7303,7950,3010,3129,3251,3377,3506,3640,3778,5461,5698,11458,3921,4073,4229,4391,4557,4728,6833
488,37,Freemason Avenue,0,149,All,1367,2812,3254,1525,1582,1641,1702,1765,1829,1896,1964,2035,2107,2182,2214,2292,2372,2455,2540,2627,2717
489,30,Curly McLeod Way,69,82,All,2147,3584,4028,4390,4721,731,756,781,808,834,862,890,919,949,979,1010,1042,1075,1109,1143,1179
490,20,Burkes Creek Road,21,520,All,4187,10509,11931,13262,4050,4226,4409,4597,4792,4993,5201,4300,4499,4705,4917,5137,5363,7798,4775,5006,5244
491,36,Paneika Lane,0,370,All,3192,3516,3850,4196,4554,4926,7402,8035,8699,1383,1430,1479,1529,1580,1633,1686,1742,1798,1856,1915,1976
492,39,Ashlar Court,0,251,All,2584,2189,2264,2341,2420,2501,2585,2672,2761,2853,2947,3045,3145,3248,4674,4851,6637,3455,3570,3688,3809
493,16,Sarah Lane,0,515,All,2653,4467,2147,2228,2310,2395,2483,2573,2666,2761,2860,2961,3066,3173,4575,4758,6522,3567,3690,3816,3946
494,917,Port Street East,396,874,All,3128,2071,2132,2195,2260,2327,2395,2465,2537,2611,2687,2765,2845,2927,3011,3097,4439,6046,3316,3410,3507
495,44,Dickins Lane,474,1091,All,9524,10924,12535,13983,15395,16813,18218,19656,1773,1862,1890,1982,2076,2174,2274,2376,2482,2590,2701,2816,2934
496,19,Elm Close,0,82,All,1420,1513,2241,2395,2557,4905,5333,1951,2038,2127,2220,2315,2414,2515,2620,2729,2840,2955,3074,3197,4630
497,8,Tarras Road,86,120,All,1580,2342,2508,2683,2866,1740,1794,1849,1906,1964,2024,2085,2149,2214,2280,2349,2419,2492,1094,1131,1169
498,9339,Weston Way,1051,1219,All,4159,8773,3822,3998,4179,4367,4560,6632,6971,7325,10143,4741,4960,5186,5419,5660,8232,8671,9128,18506,5897
499,38,Tyler Place,279,322,All,5649,11807,13576,15024,16357,1956,2023,2092,2163,2235,2309,2385,2463,2543,2625,2709,2795,2884,2974,3067,3162
