elem_index,file_section_id,file_section_name,file_loc_from,file_loc_to,file_lane_name,2023,2024,2025,2026,2027,2028,2029,2030,2031,2032,2033,2034,2035,2036,2037,2038
0,1013,Brook Street North,0,220,All,STM Long Seg Low Distress,ok,ok,ok,ok,ok,ok,ok,ok,ok,ok,ok,ok,ok,ok,ok
1,1,Conifer Close,0,378,All,STM Long Seg Low Distress,STM Long Seg Low Distress,ok,ok,ok,ok,ok,ok,ok,ok,ok,ok,ok,ok,ok,ok
2,2,Fladgate Drive,0,565,All,ok,ok,ok,ok,ok,ok,ok,ok,ok,ok,ok,ok,ok,ok,ok,ok
3,4,Highfield Drive,0,71,All,STM Long Seg Low Distress,ok,ok,ok,ok,ok,ok,ok,ok,ok,ok,ok,ok,ok,ok,ok
4,3,Matai Way,0,557,All,ok,ok,ok,ok,ok,ok,ok,ok,ok,ok,ok,ok,ok,ok,ok,ok
5,5,Vintry Drive,0,362,All,ok,ok,ok,ok,ok,ok,ok,ok,ok,ok,ok,ok,ok,ok,ok,ok
6,6,Croatia Avenue,0,42,All,STM Short Seg Low Distress,STM Short Seg Low Distress,STM Short Seg Low Distress,STM Short Seg Low Distress,ok,ok,ok,ok,ok,ok,ok,ok,ok,ok,ok,ok
7,6,Croatia Avenue,42,76,All,STM Short Seg Low Distress,STM Short Seg Low Distress,STM Short Seg Low Distress,STM Short Seg Low Distress,LTM Condition too Good,ok,ok,ok,ok,ok,ok,ok,ok,ok,ok,ok
8,7,Lumbarda Drive,0,152,All,SLA too Low,SLA too Low,SLA too Low,SLA too Low,SLA too Low,LTM Condition too Good,LTM Condition too Good,LTM Condition too Good,LTM Condition too Good,LTM Condition too Good,LTM Condition too Good,LTM Condition too Good,ok,ok,ok,ok
9,8,Tarras Road,0,86,All,STM Long Seg Low Distress,STM Long Seg Low Distress,STM Long Seg Low Distress,STM Long Seg Low Distress,LTM Condition too Good,LTM Condition too Good,LTM Condition too Good,ok,ok,ok,ok,ok,ok,ok,ok,ok
10,8,Tarras Road,86,120,All,SLA too Low,STM Short Seg Low Distress,STM Short Seg Low Distress,STM Short Seg Low Distress,LTM Condition too Good,LTM Condition too Good,LTM Condition too Good,LTM Condition too Good,ok,ok,ok,ok,ok,ok,ok,ok
11,9,Kowhai Glen,0,305,All,STM Long Seg Low Distress,STM Long Seg Low Distress,STM Long Seg Low Distress,ok,ok,ok,ok,ok,ok,ok,ok,ok,ok,ok,ok,ok
12,1037,Epiha Road Upper,0,415,All,STM Long Seg Low Distress,STM Long Seg Low Distress,STM Long Seg Low Distress,ok,ok,ok,ok,ok,ok,ok,ok,ok,ok,ok,ok,ok
13,1038,Gossey Drive North,1319,1723,All,STM Long Seg Low Distress,STM Long Seg Low Distress,STM Long Seg Low Distress,ok,ok,ok,ok,ok,ok,ok,ok,ok,ok,ok,ok,ok
14,10,Upper Ahu Ahu Road,0,46,All,STM Short Seg Low Distress,Surf too NEW,Surf too NEW,Surf too NEW,Surf too NEW,Surf too NEW,Surf too NEW,SLA too Low,SLA too Low,SLA too Low,SLA too Low,LTM Condition too Good,LTM Condition too Good,LTM Condition too Good,ok,ok
15,10,Upper Ahu Ahu Road,46,68,All,STM Short Seg Low Distress,STM Short Seg Low Distress,STM Short Seg Low Distress,STM Short Seg Low Distress,ok,ok,ok,ok,ok,ok,ok,ok,ok,ok,ok,ok
16,11,Lower Ahu Ahu Road,0,158,All,STM Long Seg Low Distress,STM Long Seg Low Distress,STM Long Seg Low Distress,ok,ok,ok,ok,ok,ok,ok,ok,ok,ok,ok,ok,ok
17,11,Lower Ahu Ahu Road,158,179,All,SLA too Low,SLA too Low,SLA too Low,SLA too Low,SLA too Low,SLA too Low,SLA too Low,SLA too Low,SLA too Low,SLA too Low,LTM Condition too Good,LTM Condition too Good,ok,ok,ok,ok
18,12,Kriletich Drive,0,263,All,STM Long Seg Low Distress,STM Long Seg Low Distress,ok,ok,ok,ok,ok,ok,ok,ok,ok,ok,ok,ok,ok,ok
19,917,Port Street East,0,21,All,STM Short Seg Low Distress,STM Short Seg Low Distress,STM Short Seg Low Distress,STM Short Seg Low Distress,LTM Condition too Good,ok,ok,ok,ok,ok,ok,ok,ok,ok,ok,ok
20,917,Port Street East,21,396,All,Surf too NEW,Surf too NEW,Surf too NEW,Surf too NEW,Surf too NEW,LTM Condition too Good,LTM Condition too Good,LTM Condition too Good,LTM Condition too Good,LTM Condition too Good,LTM Condition too Good,LTM Condition too Good,ok,ok,ok,ok
21,917,Port Street East,396,874,All,STM Long Seg Low Distress,ok,ok,ok,ok,ok,ok,ok,ok,ok,ok,ok,ok,ok,ok,ok
22,917,Port Street East,874,1340,All,STM Long Seg Low Distress,ok,ok,ok,ok,ok,ok,ok,ok,ok,ok,ok,ok,ok,ok,ok
23,917,Port Street East,1340,1431,All,STM Long Seg Low Distress,ok,ok,ok,ok,ok,ok,ok,ok,ok,ok,ok,ok,ok,ok,ok
24,917,Port Street East,1431,2115,All,STM Long Seg Low Distress,STM Long Seg Low Distress,ok,ok,ok,ok,ok,ok,ok,ok,ok,ok,ok,ok,ok,ok
25,917,Port Street East,2120,2350,All,STM Long Seg Low Distress,STM Long Seg Low Distress,ok,ok,ok,ok,ok,ok,ok,ok,ok,ok,ok,ok,ok,ok
26,13,Puriri Dale Way,0,293,All,ok,ok,ok,ok,ok,ok,ok,ok,ok,ok,ok,ok,ok,ok,ok,ok
27,15,Fendall Close,0,438,All,STM Long Seg Low Distress,STM Long Seg Low Distress,ok,ok,ok,ok,ok,ok,ok,ok,ok,ok,ok,ok,ok,ok
28,15,Fendall Close,438,585,All,STM Long Seg Low Distress,STM Long Seg Low Distress,STM Long Seg Low Distress,ok,LTM Condition too Good,ok,ok,ok,ok,ok,ok,ok,ok,ok,ok,ok
29,15,Fendall Close,585,643,All,SLA too Low,SLA too Low,STM Long Seg Low Distress,STM Long Seg Low Distress,LTM Condition too Good,LTM Condition too Good,LTM Condition too Good,LTM Condition too Good,LTM Condition too Good,LTM Condition too Good,LTM Condition too Good,ok,ok,ok,ok,ok
30,15,Fendall Close,643,736,All,STM Long Seg Low Distress,STM Long Seg Low Distress,STM Long Seg Low Distress,ok,ok,ok,ok,ok,ok,ok,ok,ok,ok,ok,ok,ok
31,15,Fendall Close,736,814,All,ok,ok,ok,ok,ok,ok,ok,ok,ok,ok,ok,ok,ok,ok,ok,ok
32,9339,Weston Way,814,886,All,ok,ok,ok,ok,ok,ok,ok,ok,ok,ok,ok,ok,ok,ok,ok,ok
33,9339,Weston Way,886,939,All,STM Long Seg Low Distress,STM Long Seg Low Distress,STM Long Seg Low Distress,ok,ok,ok,ok,ok,ok,ok,ok,ok,ok,ok,ok,ok
34,9339,Weston Way,965,1051,All,STM Long Seg Low Distress,STM Long Seg Low Distress,STM Long Seg Low Distress,STM Long Seg Low Distress,LTM Condition too Good,LTM Condition too Good,ok,ok,ok,ok,ok,ok,ok,ok,ok,ok
35,9339,Weston Way,1051,1219,All,STM Long Seg Low Distress,ok,ok,ok,ok,ok,ok,ok,ok,ok,ok,ok,ok,ok,ok,ok
36,9339,Weston Way,1237,1589,All,ok,ok,ok,ok,ok,ok,ok,ok,ok,ok,ok,ok,ok,ok,ok,ok
37,9339,Weston Way,1589,1999,All,ok,ok,ok,ok,ok,ok,ok,ok,ok,ok,ok,ok,ok,ok,ok,ok
38,9339,Weston Way,1999,2369,All,ok,ok,ok,ok,ok,ok,ok,ok,ok,ok,ok,ok,ok,ok,ok,ok
39,9339,Weston Way,2385,2696,All,ok,ok,ok,ok,ok,ok,ok,ok,ok,ok,ok,ok,ok,ok,ok,ok
40,9339,Weston Way,2696,3114,All,ok,ok,ok,ok,ok,ok,ok,ok,ok,ok,ok,ok,ok,ok,ok,ok
41,9339,Weston Way,3114,3398,All,STM Long Seg Low Distress,STM Long Seg Low Distress,ok,ok,ok,ok,ok,ok,ok,ok,ok,ok,ok,ok,ok,ok
42,9339,Weston Way,3398,3457,All,STM Long Seg Low Distress,STM Long Seg Low Distress,STM Long Seg Low Distress,ok,ok,ok,ok,ok,ok,ok,ok,ok,ok,ok,ok,ok
43,9339,Weston Way,3457,3675,All,STM Long Seg Low Distress,STM Long Seg Low Distress,STM Long Seg Low Distress,STM Long Seg Low Distress,LTM Condition too Good,ok,ok,ok,ok,ok,ok,ok,ok,ok,ok,ok
44,9167,Foxglove Drive,0,668,All,SLA too Low,SLA too Low,SLA too Low,SLA too Low,SLA too Low,LTM Condition too Good,ok,ok,ok,ok,ok,ok,ok,ok,ok,ok
45,16,Sarah Lane,0,515,All,STM Long Seg Low Distress,STM Long Seg Low Distress,STM Long Seg Low Distress,ok,ok,ok,ok,ok,ok,ok,ok,ok,ok,ok,ok,ok
46,17,Ash Drive,0,318,All,Surf too NEW,STM Long Seg Low Distress,STM Long Seg Low Distress,STM Long Seg Low Distress,LTM Condition too Good,LTM Condition too Good,ok,ok,ok,ok,ok,ok,ok,ok,ok,ok
47,18,Monaghan Way,0,80,All,SLA too Low,SLA too Low,STM Long Seg Low Distress,STM Long Seg Low Distress,LTM Condition too Good,LTM Condition too Good,LTM Condition too Good,LTM Condition too Good,LTM Condition too Good,LTM Condition too Good,ok,ok,ok,ok,ok,ok
48,1035,Cousins Avenue East,0,61,All,STM Long Seg Low Distress,STM Long Seg Low Distress,STM Long Seg Low Distress,STM Long Seg Low Distress,LTM Condition too Good,ok,ok,ok,ok,ok,ok,ok,ok,ok,ok,ok
49,19,Elm Close,0,82,All,STM Long Seg Low Distress,STM Long Seg Low Distress,STM Long Seg Low Distress,STM Long Seg Low Distress,LTM Condition too Good,LTM Condition too Good,ok,ok,ok,ok,ok,ok,ok,ok,ok,ok
50,19,Elm Close,82,101,All,STM Short Seg Low Distress,STM Short Seg Low Distress,STM Short Seg Low Distress,STM Short Seg Low Distress,LTM Condition too Good,LTM Condition too Good,ok,ok,ok,ok,ok,ok,ok,ok,ok,ok
51,20,Burkes Creek Road,0,21,All,STM Short Seg Low Distress,STM Short Seg Low Distress,STM Short Seg Low Distress,STM Short Seg Low Distress,ok,ok,ok,ok,ok,ok,ok,ok,ok,ok,ok,ok
52,20,Burkes Creek Road,21,520,All,STM Long Seg Low Distress,STM Long Seg Low Distress,STM Long Seg Low Distress,ok,ok,ok,ok,ok,ok,ok,ok,ok,ok,ok,ok,ok
53,20,Burkes Creek Road,549,697,All,STM Long Seg Low Distress,STM Long Seg Low Distress,ok,ok,ok,ok,ok,ok,ok,ok,ok,ok,ok,ok,ok,ok
54,20,Burkes Creek Road,697,765,All,STM Long Seg Low Distress,STM Long Seg Low Distress,STM Long Seg Low Distress,STM Long Seg Low Distress,LTM Condition too Good,LTM Condition too Good,ok,ok,ok,ok,ok,ok,ok,ok,ok,ok
55,20,Burkes Creek Road,765,1789,All,STM Long Seg Low Distress,STM Long Seg Low Distress,ok,ok,ok,ok,ok,ok,ok,ok,ok,ok,ok,ok,ok,ok
56,21,Tapeka Heights Lane,0,277,All,STM Long Seg Low Distress,STM Long Seg Low Distress,STM Long Seg Low Distress,ok,ok,ok,ok,ok,ok,ok,ok,ok,ok,ok,ok,ok
57,22,Sir John McKenzie Drive,0,530,All,STM Long Seg Low Distress,STM Long Seg Low Distress,STM Long Seg Low Distress,ok,ok,ok,ok,ok,ok,ok,ok,ok,ok,ok,ok,ok
58,23,Apple Orchard Lane,0,185,All,STM Long Seg Low Distress,STM Long Seg Low Distress,ok,ok,LTM Condition too Good,ok,ok,ok,ok,ok,ok,ok,ok,ok,ok,ok
59,974,Railway Terrace East,0,730,All,STM Long Seg Low Distress,STM Long Seg Low Distress,STM Long Seg Low Distress,STM Long Seg Low Distress,LTM Condition too Good,LTM Condition too Good,LTM Condition too Good,ok,ok,ok,ok,ok,ok,ok,ok,ok
60,24,George Noble Road,0,272,All,STM Long Seg Low Distress,STM Long Seg Low Distress,STM Long Seg Low Distress,ok,ok,ok,ok,ok,ok,ok,ok,ok,ok,ok,ok,ok
61,24,George Noble Road,272,286,All,SLA too Low,SLA too Low,SLA too Low,SLA too Low,SLA too Low,SLA too Low,LTM Condition too Good,LTM Condition too Good,LTM Condition too Good,LTM Condition too Good,ok,ok,ok,ok,ok,ok
62,25,Founders Lane,0,597,All,Surf too NEW,Surf too NEW,Surf too NEW,Surf too NEW,SLA too Low,SLA too Low,SLA too Low,LTM Condition too Good,LTM Condition too Good,LTM Condition too Good,LTM Condition too Good,LTM Condition too Good,ok,ok,ok,ok
63,26,Stud Road,0,205,All,STM Long Seg Low Distress,STM Long Seg Low Distress,STM Long Seg Low Distress,STM Long Seg Low Distress,LTM Condition too Good,ok,ok,ok,ok,ok,ok,ok,ok,ok,ok,ok
64,27,Gallop Lane,0,116,All,STM Long Seg Low Distress,STM Long Seg Low Distress,STM Long Seg Low Distress,ok,ok,ok,ok,ok,ok,ok,ok,ok,ok,ok,ok,ok
65,27,Gallop Lane,116,136,All,SLA too Low,SLA too Low,SLA too Low,SLA too Low,SLA too Low,SLA too Low,SLA too Low,SLA too Low,SLA too Low,SLA too Low,LTM Condition too Good,LTM Condition too Good,ok,ok,ok,ok
66,7056,Dawick Street,0,78,All,STM Long Seg Low Distress,STM Long Seg Low Distress,STM Long Seg Low Distress,ok,ok,ok,ok,ok,ok,ok,ok,ok,ok,ok,ok,ok
67,7056,Dawick Street,78,88,All,SLA too Low,SLA too Low,SLA too Low,SLA too Low,SLA too Low,SLA too Low,SLA too Low,SLA too Low,SLA too Low,SLA too Low,SLA too Low,SLA too Low,ok,ok,ok,ok
68,28,Stirrup Lane,0,261,All,STM Long Seg Low Distress,STM Long Seg Low Distress,STM Long Seg Low Distress,ok,ok,ok,ok,ok,ok,ok,ok,ok,ok,ok,ok,ok
69,29,Riroriro Road,0,122,All,STM Long Seg Low Distress,STM Long Seg Low Distress,STM Long Seg Low Distress,ok,ok,ok,ok,ok,ok,ok,ok,ok,ok,ok,ok,ok
70,29,Riroriro Road,122,139,All,SLA too Low,SLA too Low,SLA too Low,STM Short Seg Low Distress,LTM Condition too Good,LTM Condition too Good,LTM Condition too Good,LTM Condition too Good,ok,ok,ok,ok,ok,ok,ok,ok
71,30,Curly McLeod Way,0,69,All,ok,ok,ok,ok,ok,ok,ok,ok,ok,ok,ok,ok,ok,ok,ok,ok
72,30,Curly McLeod Way,69,82,All,STM Short Seg Low Distress,STM Short Seg Low Distress,STM Short Seg Low Distress,STM Short Seg Low Distress,ok,ok,ok,ok,ok,ok,ok,ok,ok,ok,ok,ok
73,32,Karearea Lane,0,56,All,ok,ok,ok,ok,ok,ok,ok,ok,ok,ok,ok,ok,ok,ok,ok,ok
74,32,Karearea Lane,84,154,All,ok,Surf too NEW,Surf too NEW,Surf too NEW,Surf too NEW,Surf too NEW,Surf too NEW,SLA too Low,SLA too Low,SLA too Low,SLA too Low,LTM Condition too Good,LTM Condition too Good,LTM Condition too Good,LTM Condition too Good,LTM Condition too Good
75,32,Karearea Lane,154,820,All,ok,Surf too NEW,Surf too NEW,Surf too NEW,Surf too NEW,Surf too NEW,Surf too NEW,SLA too Low,SLA too Low,SLA too Low,SLA too Low,LTM Condition too Good,LTM Condition too Good,LTM Condition too Good,LTM Condition too Good,LTM Condition too Good
76,32,Karearea Lane,820,1262,All,STM Long Seg Low Distress,STM Long Seg Low Distress,STM Long Seg Low Distress,STM Long Seg Low Distress,LTM Condition too Good,LTM Condition too Good,ok,ok,ok,ok,ok,ok,ok,ok,ok,ok
77,33,Okoare Lane,0,58,All,SLA too Low,SLA too Low,STM Long Seg Low Distress,STM Long Seg Low Distress,LTM Condition too Good,LTM Condition too Good,LTM Condition too Good,LTM Condition too Good,LTM Condition too Good,ok,ok,ok,ok,ok,ok,ok
78,35,Leicester Place,0,660,All,Surf too NEW,Surf too NEW,Surf too NEW,Surf too NEW,SLA too Low,SLA too Low,SLA too Low,LTM Condition too Good,LTM Condition too Good,ok,ok,ok,ok,ok,ok,ok
79,36,Paneika Lane,0,370,All,Surf too NEW,SLA too Low,SLA too Low,SLA too Low,SLA too Low,SLA too Low,SLA too Low,SLA too Low,LTM Condition too Good,LTM Condition too Good,LTM Condition too Good,LTM Condition too Good,ok,ok,ok,ok
80,36,Paneika Lane,370,391,All,STM Short Seg Low Distress,STM Short Seg Low Distress,STM Short Seg Low Distress,STM Short Seg Low Distress,LTM Condition too Good,ok,ok,ok,ok,ok,ok,ok,ok,ok,ok,ok
81,36,Paneika Lane,391,520,All,Surf too NEW,Surf too NEW,Surf too NEW,SLA too Low,LTM Condition too Good,LTM Condition too Good,LTM Condition too Good,LTM Condition too Good,LTM Condition too Good,LTM Condition too Good,ok,ok,ok,ok,ok,ok
82,37,Freemason Avenue,0,149,All,STM Long Seg Low Distress,STM Long Seg Low Distress,STM Long Seg Low Distress,ok,ok,ok,ok,ok,ok,ok,ok,ok,ok,ok,ok,ok
83,37,Freemason Avenue,149,172,All,SLA too Low,SLA too Low,SLA too Low,SLA too Low,LTM Condition too Good,LTM Condition too Good,LTM Condition too Good,LTM Condition too Good,LTM Condition too Good,LTM Condition too Good,LTM Condition too Good,LTM Condition too Good,LTM Condition too Good,LTM Condition too Good,ok,ok
84,37,Freemason Avenue,172,362,All,STM Long Seg Low Distress,STM Long Seg Low Distress,STM Long Seg Low Distress,ok,ok,ok,ok,ok,ok,ok,ok,ok,ok,ok,ok,ok
85,38,Tyler Place,0,279,All,STM Long Seg Low Distress,STM Long Seg Low Distress,ok,ok,ok,ok,ok,ok,ok,ok,ok,ok,ok,ok,ok,ok
86,38,Tyler Place,279,322,All,STM Short Seg Low Distress,STM Short Seg Low Distress,STM Short Seg Low Distress,STM Short Seg Low Distress,ok,ok,ok,ok,ok,ok,ok,ok,ok,ok,ok,ok
87,38,Tyler Place,322,334,All,STM Short Seg Low Distress,STM Short Seg Low Distress,STM Short Seg Low Distress,STM Short Seg Low Distress,LTM Condition too Good,ok,ok,ok,ok,ok,ok,ok,ok,ok,ok,ok
88,38,Tyler Place,334,389,All,STM Long Seg Low Distress,ok,ok,ok,LTM Condition too Good,ok,ok,ok,ok,ok,ok,ok,ok,ok,ok,ok
89,39,Ashlar Court,0,251,All,ok,ok,ok,ok,LTM Condition too Good,ok,ok,ok,ok,ok,ok,ok,ok,ok,ok,ok
90,40,Bravery Road,0,278,All,STM Long Seg Low Distress,STM Long Seg Low Distress,STM Long Seg Low Distress,STM Long Seg Low Distress,ok,ok,ok,ok,ok,ok,ok,ok,ok,ok,ok,ok
91,41,Huamanu Street,0,116,All,STM Long Seg Low Distress,STM Long Seg Low Distress,STM Long Seg Low Distress,ok,LTM Condition too Good,ok,ok,ok,ok,ok,ok,ok,ok,ok,ok,ok
92,41,Huamanu Street,116,134,All,SLA too Low,SLA too Low,SLA too Low,SLA too Low,SLA too Low,SLA too Low,LTM Condition too Good,LTM Condition too Good,LTM Condition too Good,LTM Condition too Good,LTM Condition too Good,ok,ok,ok,ok,ok
93,1092,Bronte Road East,0,156,All,STM Long Seg Low Distress,ok,ok,ok,LTM Condition too Good,ok,ok,ok,ok,ok,ok,ok,ok,ok,ok,ok
94,1092,Bronte Road East,156,183,All,STM Short Seg Low Distress,STM Short Seg Low Distress,STM Short Seg Low Distress,STM Short Seg Low Distress,LTM Condition too Good,ok,ok,ok,ok,ok,ok,ok,ok,ok,ok,ok
95,42,Te Manaki Street,0,377,All,STM Long Seg Low Distress,STM Long Seg Low Distress,STM Long Seg Low Distress,ok,LTM Condition too Good,ok,ok,ok,ok,ok,ok,ok,ok,ok,ok,ok
96,44,Dickins Lane,0,474,All,Surf too NEW,Surf too NEW,Surf too NEW,Surf too NEW,LTM Condition too Good,LTM Condition too Good,LTM Condition too Good,LTM Condition too Good,LTM Condition too Good,ok,ok,ok,ok,ok,ok,ok
97,44,Dickins Lane,474,1091,All,Surf too NEW,Surf too NEW,Surf too NEW,Surf too NEW,SLA too Low,SLA too Low,SLA too Low,LTM Condition too Good,LTM Condition too Good,LTM Condition too Good,LTM Condition too Good,LTM Condition too Good,LTM Condition too Good,ok,ok,ok
98,43,Infantry Lane,0,95,All,ADT below Thresh,ADT below Thresh,ADT below Thresh,ADT below Thresh,LTM Condition too Good,ok,ok,ok,ok,ok,ok,ok,ok,ok,ok,ok
99,45,Chatfield Lane,0,83,All,STM Long Seg Low Distress,STM Long Seg Low Distress,STM Long Seg Low Distress,STM Long Seg Low Distress,LTM Condition too Good,LTM Condition too Good,LTM Condition too Good,LTM Condition too Good,LTM Condition too Good,ok,ok,ok,ok,ok,ok,ok
100,29,Riroriro Road,122,139,All,SLA too Low,SLA too Low,SLA too Low,STM Short Seg Low Distress,LTM Condition too Good,LTM Condition too Good,LTM Condition too Good,LTM Condition too Good,ok,ok,ok,ok,ok,ok,ok,ok
101,2,Fladgate Drive,0,565,All,ok,ok,ok,ok,ok,ok,ok,ok,ok,ok,ok,ok,ok,ok,ok,ok
102,38,Tyler Place,322,334,All,STM Short Seg Low Distress,STM Short Seg Low Distress,STM Short Seg Low Distress,STM Short Seg Low Distress,LTM Condition too Good,LTM Condition too Good,LTM Condition too Good,ok,ok,ok,ok,ok,ok,ok,ok,ok
103,32,Karearea Lane,820,1262,All,STM Long Seg Low Distress,STM Long Seg Low Distress,STM Long Seg Low Distress,STM Long Seg Low Distress,LTM Condition too Good,LTM Condition too Good,ok,ok,ok,ok,ok,ok,ok,ok,ok,ok
104,9339,Weston Way,3398,3457,All,ok,ok,ok,ok,ok,ok,ok,ok,ok,ok,ok,ok,ok,ok,ok,ok
105,3,Matai Way,0,557,All,STM Long Seg Low Distress,ok,ok,ok,ok,ok,ok,ok,ok,ok,ok,ok,ok,ok,ok,ok
106,3,Matai Way,0,557,All,ok,ok,ok,ok,ok,ok,ok,ok,ok,ok,ok,ok,ok,ok,ok,ok
107,917,Port Street East,1340,1431,All,ok,ok,ok,ok,ok,ok,ok,ok,ok,ok,ok,ok,ok,ok,ok,ok
108,9339,Weston Way,1237,1589,All,ok,ok,ok,ok,ok,ok,ok,ok,ok,ok,ok,ok,ok,ok,ok,ok
109,16,Sarah Lane,0,515,All,STM Long Seg Low Distress,STM Long Seg Low Distress,STM Long Seg Low Distress,ok,ok,ok,ok,ok,ok,ok,ok,ok,ok,ok,ok,ok
110,29,Riroriro Road,122,139,All,SLA too Low,SLA too Low,SLA too Low,STM Short Seg Low Distress,ok,ok,ok,ok,ok,ok,ok,ok,ok,ok,ok,ok
111,44,Dickins Lane,0,474,All,Surf too NEW,Surf too NEW,Surf too NEW,Surf too NEW,ok,ok,ok,ok,ok,ok,ok,ok,ok,ok,ok,ok
112,21,Tapeka Heights Lane,0,277,All,ok,ok,ok,ok,ok,ok,ok,ok,ok,ok,ok,ok,ok,ok,ok,ok
113,917,Port Street East,1431,2115,All,ok,ok,ok,ok,ok,ok,ok,ok,ok,ok,ok,ok,ok,ok,ok,ok
114,28,Stirrup Lane,0,261,All,STM Long Seg Low Distress,STM Long Seg Low Distress,STM Long Seg Low Distress,ok,ok,ok,ok,ok,ok,ok,ok,ok,ok,ok,ok,ok
115,7,Lumbarda Drive,0,152,All,SLA too Low,SLA too Low,SLA too Low,SLA too Low,SLA too Low,ok,ok,ok,ok,ok,ok,ok,ok,ok,ok,ok
116,6,Croatia Avenue,0,42,All,STM Short Seg Low Distress,STM Short Seg Low Distress,STM Short Seg Low Distress,STM Short Seg Low Distress,ok,ok,ok,ok,ok,ok,ok,ok,ok,ok,ok,ok
117,38,Tyler Place,0,279,All,ok,ok,ok,ok,ok,ok,ok,ok,ok,ok,ok,ok,ok,ok,ok,ok
118,44,Dickins Lane,474,1091,All,Surf too NEW,Surf too NEW,Surf too NEW,Surf too NEW,SLA too Low,SLA too Low,SLA too Low,LTM Condition too Good,LTM Condition too Good,LTM Condition too Good,LTM Condition too Good,LTM Condition too Good,LTM Condition too Good,ok,ok,ok
119,23,Apple Orchard Lane,0,185,All,STM Long Seg Low Distress,STM Long Seg Low Distress,ok,ok,LTM Condition too Good,ok,ok,ok,ok,ok,ok,ok,ok,ok,ok,ok
120,10,Upper Ahu Ahu Road,0,46,All,STM Short Seg Low Distress,STM Short Seg Low Distress,STM Short Seg Low Distress,STM Short Seg Low Distress,ok,ok,ok,ok,ok,ok,ok,ok,ok,ok,ok,ok
121,2,Fladgate Drive,0,565,All,STM Long Seg Low Distress,ok,ok,ok,ok,ok,ok,ok,ok,ok,ok,ok,ok,ok,ok,ok
122,15,Fendall Close,736,814,All,ok,ok,ok,ok,ok,ok,ok,ok,ok,ok,ok,ok,ok,ok,ok,ok
123,20,Burkes Creek Road,21,520,All,ok,ok,ok,ok,ok,ok,ok,ok,ok,ok,ok,ok,ok,ok,ok,ok
124,37,Freemason Avenue,149,172,All,SLA too Low,SLA too Low,SLA too Low,SLA too Low,LTM Condition too Good,LTM Condition too Good,LTM Condition too Good,LTM Condition too Good,LTM Condition too Good,LTM Condition too Good,LTM Condition too Good,LTM Condition too Good,LTM Condition too Good,LTM Condition too Good,ok,ok
125,8,Tarras Road,86,120,All,SLA too Low,STM Short Seg Low Distress,STM Short Seg Low Distress,STM Short Seg Low Distress,ok,ok,ok,ok,ok,ok,ok,ok,ok,ok,ok,ok
126,19,Elm Close,82,101,All,STM Short Seg Low Distress,STM Short Seg Low Distress,STM Short Seg Low Distress,STM Short Seg Low Distress,ok,ok,ok,ok,ok,ok,ok,ok,ok,ok,ok,ok
127,9339,Weston Way,1589,1999,All,ok,ok,ok,ok,ok,ok,ok,ok,ok,ok,ok,ok,ok,ok,ok,ok
128,6,Croatia Avenue,42,76,All,STM Short Seg Low Distress,STM Short Seg Low Distress,STM Short Seg Low Distress,STM Short Seg Low Distress,LTM Condition too Good,ok,ok,ok,ok,ok,ok,ok,ok,ok,ok,ok
129,917,Port Street East,396,874,All,ok,ok,ok,ok,ok,ok,ok,ok,ok,ok,ok,ok,ok,ok,ok,ok
130,20,Burkes Creek Road,21,520,All,STM Long Seg Low Distress,STM Long Seg Low Distress,STM Long Seg Low Distress,ok,ok,ok,ok,ok,ok,ok,ok,ok,ok,ok,ok,ok
131,19,Elm Close,0,82,All,STM Long Seg Low Distress,STM Long Seg Low Distress,STM Long Seg Low Distress,STM Long Seg Low Distress,LTM Condition too Good,LTM Condition too Good,ok,ok,ok,ok,ok,ok,ok,ok,ok,ok
132,917,Port Street East,2120,2350,All,STM Long Seg Low Distress,STM Long Seg Low Distress,ok,ok,ok,ok,ok,ok,ok,ok,ok,ok,ok,ok,ok,ok
133,8,Tarras Road,86,120,All,SLA too Low,STM Short Seg Low Distress,STM Short Seg Low Distress,STM Short Seg Low Distress,LTM Condition too Good,ok,ok,ok,ok,ok,ok,ok,ok,ok,ok,ok
134,32,Karearea Lane,820,1262,All,STM Long Seg Low Distress,ok,ok,ok,ok,ok,ok,ok,ok,ok,ok,ok,ok,ok,ok,ok
135,32,Karearea Lane,0,56,All,ok,ok,ok,ok,ok,ok,ok,ok,ok,ok,ok,ok,ok,ok,ok,ok
136,9339,Weston Way,1051,1219,All,ok,ok,ok,ok,ok,ok,ok,ok,ok,ok,ok,ok,ok,ok,ok,ok
137,18,Monaghan Way,0,80,All,SLA too Low,SLA too Low,STM Long Seg Low Distress,STM Long Seg Low Distress,ok,ok,ok,ok,ok,ok,ok,ok,ok,ok,ok,ok
138,44,Dickins Lane,474,1091,All,Surf too NEW,Surf too NEW,Surf too NEW,Surf too NEW,SLA too Low,SLA too Low,SLA too Low,ok,ok,ok,ok,ok,ok,ok,ok,ok
139,2,Fladgate Drive,0,565,All,STM Long Seg Low Distress,ok,ok,ok,LTM Condition too Good,ok,ok,ok,ok,ok,ok,ok,ok,ok,ok,ok
140,20,Burkes Creek Road,21,520,All,ok,ok,ok,ok,ok,ok,ok,ok,ok,ok,ok,ok,ok,ok,ok,ok
141,32,Karearea Lane,820,1262,All,STM Long Seg Low Distress,STM Long Seg Low Distress,STM Long Seg Low Distress,STM Long Seg Low Distress,ok,ok,ok,ok,ok,ok,ok,ok,ok,ok,ok,ok
142,9339,Weston Way,3398,3457,All,STM Long Seg Low Distress,ok,ok,ok,ok,ok,ok,ok,ok,ok,ok,ok,ok,ok,ok,ok
143,27,Gallop Lane,0,116,All,STM Long Seg Low Distress,STM Long Seg Low Distress,STM Long Seg Low Distress,ok,ok,ok,ok,ok,ok,ok,ok,ok,ok,ok,ok,ok
144,41,Huamanu Street,116,134,All,SLA too Low,SLA too Low,SLA too Low,SLA too Low,SLA too Low,SLA too Low,ok,ok,ok,ok,ok,ok,ok,ok,ok,ok
145,1092,Bronte Road East,156,183,All,STM Short Seg Low Distress,STM Short Seg Low Distress,STM Short Seg Low Distress,STM Short Seg Low Distress,ok,ok,ok,ok,ok,ok,ok,ok,ok,ok,ok,ok
146,32,Karearea Lane,84,154,All,STM Long Seg Low Distress,ok,ok,ok,LTM Condition too Good,ok,ok,ok,ok,ok,ok,ok,ok,ok,ok,ok
147,38,Tyler Place,322,334,All,STM Short Seg Low Distress,STM Short Seg Low Distress,STM Short Seg Low Distress,STM Short Seg Low Distress,ok,ok,ok,ok,ok,ok,ok,ok,ok,ok,ok,ok
148,20,Burkes Creek Road,21,520,All,STM Long Seg Low Distress,STM Long Seg Low Distress,STM Long Seg Low Distress,ok,ok,ok,ok,ok,ok,ok,ok,ok,ok,ok,ok,ok
149,41,Huamanu Street,0,116,All,ok,ok,ok,ok,ok,ok,ok,ok,ok,ok,ok,ok,ok,ok,ok,ok
150,30,Curly McLeod Way,69,82,All,STM Short Seg Low Distress,STM Short Seg Low Distress,STM Short Seg Low Distress,STM Short Seg Low Distress,LTM Condition too Good,ok,ok,ok,ok,ok,ok,ok,ok,ok,ok,ok
151,10,Upper Ahu Ahu Road,0,46,All,STM Short Seg Low Distress,STM Short Seg Low Distress,STM Short Seg Low Distress,STM Short Seg Low Distress,ok,ok,ok,ok,ok,ok,ok,ok,ok,ok,ok,ok
152,1092,Bronte Road East,156,183,All,STM Short Seg Low Distress,STM Short Seg Low Distress,STM Short Seg Low Distress,STM Short Seg Low Distress,ok,ok,ok,ok,ok,ok,ok,ok,ok,ok,ok,ok
153,9339,Weston Way,2696,3114,All,STM Long Seg Low Distress,ok,ok,ok,LTM Condition too Good,ok,ok,ok,ok,ok,ok,ok,ok,ok,ok,ok
154,10,Upper Ahu Ahu Road,46,68,All,STM Short Seg Low Distress,STM Short Seg Low Distress,STM Short Seg Low Distress,STM Short Seg Low Distress,ok,ok,ok,ok,ok,ok,ok,ok,ok,ok,ok,ok
155,4,Highfield Drive,0,71,All,ok,ok,ok,ok,ok,ok,ok,ok,ok,ok,ok,ok,ok,ok,ok,ok
156,37,Freemason Avenue,172,362,All,ok,ok,ok,ok,ok,ok,ok,ok,ok,ok,ok,ok,ok,ok,ok,ok
157,15,Fendall Close,585,643,All,SLA too Low,SLA too Low,STM Long Seg Low Distress,STM Long Seg Low Distress,ok,ok,ok,ok,ok,ok,ok,ok,ok,ok,ok,ok
158,9339,Weston Way,2696,3114,All,STM Long Seg Low Distress,ok,ok,ok,ok,ok,ok,ok,ok,ok,ok,ok,ok,ok,ok,ok
159,42,Te Manaki Street,0,377,All,STM Long Seg Low Distress,STM Long Seg Low Distress,STM Long Seg Low Distress,ok,LTM Condition too Good,ok,ok,ok,ok,ok,ok,ok,ok,ok,ok,ok
160,917,Port Street East,2120,2350,All,STM Long Seg Low Distress,STM Long Seg Low Distress,ok,ok,ok,ok,ok,ok,ok,ok,ok,ok,ok,ok,ok,ok
161,29,Riroriro Road,0,122,All,STM Long Seg Low Distress,STM Long Seg Low Distress,STM Long Seg Low Distress,ok,ok,ok,ok,ok,ok,ok,ok,ok,ok,ok,ok,ok
162,38,Tyler Place,279,322,All,STM Short Seg Low Distress,STM Short Seg Low Distress,STM Short Seg Low Distress,STM Short Seg Low Distress,ok,ok,ok,ok,ok,ok,ok,ok,ok,ok,ok,ok
163,1,Conifer Close,0,378,All,STM Long Seg Low Distress,STM Long Seg Low Distress,ok,ok,ok,ok,ok,ok,ok,ok,ok,ok,ok,ok,ok,ok
164,917,Port Street East,1431,2115,All,ok,ok,ok,ok,ok,ok,ok,ok,ok,ok,ok,ok,ok,ok,ok,ok
165,38,Tyler Place,334,389,All,STM Long Seg Low Distress,ok,ok,ok,ok,ok,ok,ok,ok,ok,ok,ok,ok,ok,ok,ok
166,9167,Foxglove Drive,0,668,All,SLA too Low,SLA too Low,SLA too Low,SLA too Low,SLA too Low,ok,ok,ok,ok,ok,ok,ok,ok,ok,ok,ok
167,8,Tarras Road,0,86,All,STM Long Seg Low Distress,ok,ok,ok,ok,ok,ok,ok,ok,ok,ok,ok,ok,ok,ok,ok
168,9339,Weston Way,814,886,All,ok,ok,ok,ok,ok,ok,ok,ok,ok,ok,ok,ok,ok,ok,ok,ok
169,9339,Weston Way,965,1051,All,STM Long Seg Low Distress,ok,ok,ok,ok,ok,ok,ok,ok,ok,ok,ok,ok,ok,ok,ok
170,29,Riroriro Road,0,122,All,ok,ok,ok,ok,ok,ok,ok,ok,ok,ok,ok,ok,ok,ok,ok,ok
171,20,Burkes Creek Road,697,765,All,STM Long Seg Low Distress,STM Long Seg Low Distress,STM Long Seg Low Distress,STM Long Seg Low Distress,ok,ok,ok,ok,ok,ok,ok,ok,ok,ok,ok,ok
172,10,Upper Ahu Ahu Road,46,68,All,STM Short Seg Low Distress,STM Short Seg Low Distress,STM Short Seg Low Distress,STM Short Seg Low Distress,ok,ok,ok,ok,ok,ok,ok,ok,ok,ok,ok,ok
173,26,Stud Road,0,205,All,STM Long Seg Low Distress,STM Long Seg Low Distress,STM Long Seg Low Distress,STM Long Seg Low Distress,LTM Condition too Good,ok,ok,ok,ok,ok,ok,ok,ok,ok,ok,ok
174,27,Gallop Lane,0,116,All,ok,ok,ok,ok,ok,ok,ok,ok,ok,ok,ok,ok,ok,ok,ok,ok
175,38,Tyler Place,279,322,All,STM Short Seg Low Distress,STM Short Seg Low Distress,STM Short Seg Low Distress,STM Short Seg Low Distress,ok,ok,ok,ok,ok,ok,ok,ok,ok,ok,ok,ok
176,37,Freemason Avenue,0,149,All,ok,ok,ok,ok,ok,ok,ok,ok,ok,ok,ok,ok,ok,ok,ok,ok
177,38,Tyler Place,279,322,All,STM Short Seg Low Distress,STM Short Seg Low Distress,STM Short Seg Low Distress,STM Short Seg Low Distress,ok,ok,ok,ok,ok,ok,ok,ok,ok,ok,ok,ok
178,30,Curly McLeod Way,0,69,All,STM Long Seg Low Distress,ok,ok,ok,ok,ok,ok,ok,ok,ok,ok,ok,ok,ok,ok,ok
179,1037,Epiha Road Upper,0,415,All,STM Long Seg Low Distress,ok,ok,ok,ok,ok,ok,ok,ok,ok,ok,ok,ok,ok,ok,ok
180,25,Founders Lane,0,597,All,Surf too NEW,Surf too NEW,Surf too NEW,Surf too NEW,SLA too Low,SLA too Low,SLA too Low,LTM Condition too Good,LTM Condition too Good,LTM Condition too Good,LTM Condition too Good,LTM Condition too Good,ok,ok,ok,ok
181,7,Lumbarda Drive,0,152,All,SLA too Low,SLA too Low,SLA too Low,SLA too Low,SLA too Low,LTM Condition too Good,LTM Condition too Good,LTM Condition too Good,LTM Condition too Good,ok,ok,ok,ok,ok,ok,ok
182,6,Croatia Avenue,0,42,All,STM Short Seg Low Distress,STM Short Seg Low Distress,STM Short Seg Low Distress,STM Short Seg Low Distress,ok,ok,ok,ok,ok,ok,ok,ok,ok,ok,ok,ok
183,26,Stud Road,0,205,All,STM Long Seg Low Distress,STM Long Seg Low Distress,STM Long Seg Low Distress,STM Long Seg Low Distress,LTM Condition too Good,ok,ok,ok,ok,ok,ok,ok,ok,ok,ok,ok
184,7056,Dawick Street,78,88,All,SLA too Low,SLA too Low,SLA too Low,SLA too Low,SLA too Low,SLA too Low,SLA too Low,SLA too Low,SLA too Low,SLA too Low,SLA too Low,SLA too Low,ok,ok,ok,ok
185,38,Tyler Place,0,279,All,STM Long Seg Low Distress,STM Long Seg Low Distress,ok,ok,LTM Condition too Good,ok,ok,ok,ok,ok,ok,ok,ok,ok,ok,ok
186,44,Dickins Lane,0,474,All,Surf too NEW,Surf too NEW,Surf too NEW,Surf too NEW,LTM Condition too Good,LTM Condition too Good,LTM Condition too Good,LTM Condition too Good,ok,ok,ok,ok,ok,ok,ok,ok
187,1037,Epiha Road Upper,0,415,All,STM Long Seg Low Distress,STM Long Seg Low Distress,STM Long Seg Low Distress,ok,ok,ok,ok,ok,ok,ok,ok,ok,ok,ok,ok,ok
188,9339,Weston Way,3114,3398,All,ok,ok,ok,ok,ok,ok,ok,ok,ok,ok,ok,ok,ok,ok,ok,ok
189,15,Fendall Close,585,643,All,SLA too Low,SLA too Low,STM Long Seg Low Distress,STM Long Seg Low Distress,ok,ok,ok,ok,ok,ok,ok,ok,ok,ok,ok,ok
190,15,Fendall Close,585,643,All,SLA too Low,SLA too Low,STM Long Seg Low Distress,STM Long Seg Low Distress,LTM Condition too Good,LTM Condition too Good,LTM Condition too Good,LTM Condition too Good,LTM Condition too Good,LTM Condition too Good,LTM Condition too Good,ok,ok,ok,ok,ok
191,15,Fendall Close,438,585,All,STM Long Seg Low Distress,STM Long Seg Low Distress,STM Long Seg Low Distress,ok,LTM Condition too Good,ok,ok,ok,ok,ok,ok,ok,ok,ok,ok,ok
192,27,Gallop Lane,0,116,All,STM Long Seg Low Distress,STM Long Seg Low Distress,STM Long Seg Low Distress,ok,ok,ok,ok,ok,ok,ok,ok,ok,ok,ok,ok,ok
193,27,Gallop Lane,0,116,All,STM Long Seg Low Distress,STM Long Seg Low Distress,ok,ok,ok,ok,ok,ok,ok,ok,ok,ok,ok,ok,ok,ok
194,24,George Noble Road,272,286,All,SLA too Low,SLA too Low,SLA too Low,SLA too Low,SLA too Low,SLA too Low,ok,ok,ok,ok,ok,ok,ok,ok,ok,ok
195,43,Infantry Lane,0,95,All,ADT below Thresh,ADT below Thresh,ADT below Thresh,ADT below Thresh,ok,ok,ok,ok,ok,ok,ok,ok,ok,ok,ok,ok
196,9339,Weston Way,965,1051,All,STM Long Seg Low Distress,STM Long Seg Low Distress,STM Long Seg Low Distress,STM Long Seg Low Distress,LTM Condition too Good,LTM Condition too Good,ok,ok,ok,ok,ok,ok,ok,ok,ok,ok
197,16,Sarah Lane,0,515,All,ok,ok,ok,ok,ok,ok,ok,ok,ok,ok,ok,ok,ok,ok,ok,ok
198,41,Huamanu Street,116,134,All,SLA too Low,SLA too Low,SLA too Low,SLA too Low,SLA too Low,SLA too Low,ok,ok,ok,ok,ok,ok,ok,ok,ok,ok
199,32,Karearea Lane,820,1262,All,STM Long Seg Low Distress,STM Long Seg Low Distress,ok,ok,ok,ok,ok,ok,ok,ok,ok,ok,ok,ok,ok,ok
200,6,Croatia Avenue,0,42,All,STM Short Seg Low Distress,STM Short Seg Low Distress,STM Short Seg Low Distress,ok,ok,ok,ok,ok,ok,ok,ok,ok,ok,ok,ok,ok
201,9339,Weston Way,965,1051,All,STM Long Seg Low Distress,STM Long Seg Low Distress,STM Long Seg Low Distress,ok,ok,ok,ok,ok,ok,ok,ok,ok,ok,ok,ok,ok
202,13,Puriri Dale Way,0,293,All,STM Long Seg Low Distress,ok,ok,ok,ok,ok,ok,ok,ok,ok,ok,ok,ok,ok,ok,ok
203,15,Fendall Close,643,736,All,STM Long Seg Low Distress,STM Long Seg Low Distress,STM Long Seg Low Distress,ok,ok,ok,ok,ok,ok,ok,ok,ok,ok,ok,ok,ok
204,20,Burkes Creek Road,697,765,All,STM Long Seg Low Distress,STM Long Seg Low Distress,ok,ok,ok,ok,ok,ok,ok,ok,ok,ok,ok,ok,ok,ok
205,20,Burkes Creek Road,765,1789,All,STM Long Seg Low Distress,STM Long Seg Low Distress,STM Long Seg Low Distress,ok,LTM Condition too Good,ok,ok,ok,ok,ok,ok,ok,ok,ok,ok,ok
206,15,Fendall Close,0,438,All,STM Long Seg Low Distress,STM Long Seg Low Distress,STM Long Seg Low Distress,ok,ok,ok,ok,ok,ok,ok,ok,ok,ok,ok,ok,ok
207,21,Tapeka Heights Lane,0,277,All,STM Long Seg Low Distress,STM Long Seg Low Distress,STM Long Seg Low Distress,ok,ok,ok,ok,ok,ok,ok,ok,ok,ok,ok,ok,ok
208,917,Port Street East,2120,2350,All,ok,ok,ok,ok,ok,ok,ok,ok,ok,ok,ok,ok,ok,ok,ok,ok
209,24,George Noble Road,272,286,All,SLA too Low,SLA too Low,SLA too Low,SLA too Low,SLA too Low,SLA too Low,LTM Condition too Good,LTM Condition too Good,ok,ok,ok,ok,ok,ok,ok,ok
210,37,Freemason Avenue,149,172,All,SLA too Low,SLA too Low,SLA too Low,SLA too Low,ok,ok,ok,ok,ok,ok,ok,ok,ok,ok,ok,ok
211,37,Freemason Avenue,149,172,All,SLA too Low,SLA too Low,SLA too Low,SLA too Low,ok,ok,ok,ok,ok,ok,ok,ok,ok,ok,ok,ok
212,27,Gallop Lane,116,136,All,SLA too Low,SLA too Low,SLA too Low,SLA too Low,SLA too Low,SLA too Low,SLA too Low,SLA too Low,SLA too Low,SLA too Low,ok,ok,ok,ok,ok,ok
213,6,Croatia Avenue,0,42,All,STM Short Seg Low Distress,STM Short Seg Low Distress,STM Short Seg Low Distress,STM Short Seg Low Distress,ok,ok,ok,ok,ok,ok,ok,ok,ok,ok,ok,ok
214,11,Lower Ahu Ahu Road,158,179,All,SLA too Low,SLA too Low,SLA too Low,SLA too Low,SLA too Low,SLA too Low,SLA too Low,SLA too Low,SLA too Low,SLA too Low,ok,ok,ok,ok,ok,ok
215,1035,Cousins Avenue East,0,61,All,STM Long Seg Low Distress,ok,ok,ok,ok,ok,ok,ok,ok,ok,ok,ok,ok,ok,ok,ok
216,9339,Weston Way,965,1051,All,STM Long Seg Low Distress,STM Long Seg Low Distress,STM Long Seg Low Distress,STM Long Seg Low Distress,ok,ok,ok,ok,ok,ok,ok,ok,ok,ok,ok,ok
217,1035,Cousins Avenue East,0,61,All,ok,ok,ok,ok,ok,ok,ok,ok,ok,ok,ok,ok,ok,ok,ok,ok
218,42,Te Manaki Street,0,377,All,ok,ok,ok,ok,ok,ok,ok,ok,ok,ok,ok,ok,ok,ok,ok,ok
219,38,Tyler Place,322,334,All,STM Short Seg Low Distress,STM Short Seg Low Distress,STM Short Seg Low Distress,STM Short Seg Low Distress,LTM Condition too Good,LTM Condition too Good,LTM Condition too Good,ok,ok,ok,ok,ok,ok,ok,ok,ok
220,7,Lumbarda Drive,0,152,All,SLA too Low,SLA too Low,SLA too Low,SLA too Low,SLA too Low,ok,ok,ok,ok,ok,ok,ok,ok,ok,ok,ok
221,41,Huamanu Street,0,116,All,ok,ok,ok,ok,ok,ok,ok,ok,ok,ok,ok,ok,ok,ok,ok,ok
222,28,Stirrup Lane,0,261,All,STM Long Seg Low Distress,STM Long Seg Low Distress,STM Long Seg Low Distress,ok,ok,ok,ok,ok,ok,ok,ok,ok,ok,ok,ok,ok
223,20,Burkes Creek Road,697,765,All,STM Long Seg Low Distress,STM Long Seg Low Distress,STM Long Seg Low Distress,STM Long Seg Low Distress,LTM Condition too Good,LTM Condition too Good,ok,ok,ok,ok,ok,ok,ok,ok,ok,ok
224,917,Port Street East,2120,2350,All,STM Long Seg Low Distress,ok,ok,ok,ok,ok,ok,ok,ok,ok,ok,ok,ok,ok,ok,ok
225,19,Elm Close,0,82,All,STM Long Seg Low Distress,STM Long Seg Low Distress,STM Long Seg Low Distress,STM Long Seg Low Distress,ok,ok,ok,ok,ok,ok,ok,ok,ok,ok,ok,ok
226,30,Curly McLeod Way,0,69,All,STM Long Seg Low Distress,ok,ok,ok,ok,ok,ok,ok,ok,ok,ok,ok,ok,ok,ok,ok
227,9339,Weston Way,886,939,All,STM Long Seg Low Distress,ok,ok,ok,ok,ok,ok,ok,ok,ok,ok,ok,ok,ok,ok,ok
228,38,Tyler Place,279,322,All,STM Short Seg Low Distress,STM Short Seg Low Distress,STM Short Seg Low Distress,STM Short Seg Low Distress,ok,ok,ok,ok,ok,ok,ok,ok,ok,ok,ok,ok
229,32,Karearea Lane,84,154,All,ok,ok,ok,ok,ok,ok,ok,ok,ok,ok,ok,ok,ok,ok,ok,ok
230,917,Port Street East,2120,2350,All,ok,ok,ok,ok,ok,ok,ok,ok,ok,ok,ok,ok,ok,ok,ok,ok
231,33,Okoare Lane,0,58,All,SLA too Low,SLA too Low,ok,ok,ok,ok,ok,ok,ok,ok,ok,ok,ok,ok,ok,ok
232,40,Bravery Road,0,278,All,STM Long Seg Low Distress,STM Long Seg Low Distress,STM Long Seg Low Distress,ok,ok,ok,ok,ok,ok,ok,ok,ok,ok,ok,ok,ok
233,9339,Weston Way,3398,3457,All,STM Long Seg Low Distress,STM Long Seg Low Distress,STM Long Seg Low Distress,ok,ok,ok,ok,ok,ok,ok,ok,ok,ok,ok,ok,ok
234,9339,Weston Way,3398,3457,All,ok,ok,ok,ok,ok,ok,ok,ok,ok,ok,ok,ok,ok,ok,ok,ok
235,41,Huamanu Street,0,116,All,ok,ok,ok,ok,ok,ok,ok,ok,ok,ok,ok,ok,ok,ok,ok,ok
236,1038,Gossey Drive North,1319,1723,All,STM Long Seg Low Distress,STM Long Seg Low Distress,STM Long Seg Low Distress,ok,ok,ok,ok,ok,ok,ok,ok,ok,ok,ok,ok,ok
237,30,Curly McLeod Way,0,69,All,STM Long Seg Low Distress,ok,ok,ok,LTM Condition too Good,ok,ok,ok,ok,ok,ok,ok,ok,ok,ok,ok
238,37,Freemason Avenue,149,172,All,SLA too Low,SLA too Low,SLA too Low,SLA too Low,LTM Condition too Good,LTM Condition too Good,LTM Condition too Good,LTM Condition too Good,LTM Condition too Good,LTM Condition too Good,LTM Condition too Good,LTM Condition too Good,ok,ok,ok,ok
239,9339,Weston Way,2385,2696,All,STM Long Seg Low Distress,ok,ok,ok,LTM Condition too Good,ok,ok,ok,ok,ok,ok,ok,ok,ok,ok,ok
240,8,Tarras Road,86,120,All,SLA too Low,STM Short Seg Low Distress,STM Short Seg Low Distress,STM Short Seg Low Distress,LTM Condition too Good,LTM Condition too Good,LTM Condition too Good,LTM Condition too Good,ok,ok,ok,ok,ok,ok,ok,ok
241,9167,Foxglove Drive,0,668,All,SLA too Low,SLA too Low,SLA too Low,SLA too Low,SLA too Low,ok,ok,ok,ok,ok,ok,ok,ok,ok,ok,ok
242,15,Fendall Close,438,585,All,STM Long Seg Low Distress,STM Long Seg Low Distress,ok,ok,ok,ok,ok,ok,ok,ok,ok,ok,ok,ok,ok,ok
243,20,Burkes Creek Road,21,520,All,ok,ok,ok,ok,ok,ok,ok,ok,ok,ok,ok,ok,ok,ok,ok,ok
244,9,Kowhai Glen,0,305,All,ok,ok,ok,ok,ok,ok,ok,ok,ok,ok,ok,ok,ok,ok,ok,ok
245,30,Curly McLeod Way,69,82,All,STM Short Seg Low Distress,STM Short Seg Low Distress,STM Short Seg Low Distress,STM Short Seg Low Distress,ok,ok,ok,ok,ok,ok,ok,ok,ok,ok,ok,ok
246,1037,Epiha Road Upper,0,415,All,STM Long Seg Low Distress,STM Long Seg Low Distress,ok,ok,ok,ok,ok,ok,ok,ok,ok,ok,ok,ok,ok,ok
247,30,Curly McLeod Way,69,82,All,STM Short Seg Low Distress,STM Short Seg Low Distress,STM Short Seg Low Distress,STM Short Seg Low Distress,ok,ok,ok,ok,ok,ok,ok,ok,ok,ok,ok,ok
248,9339,Weston Way,1999,2369,All,STM Long Seg Low Distress,ok,ok,ok,LTM Condition too Good,ok,ok,ok,ok,ok,ok,ok,ok,ok,ok,ok
249,17,Ash Drive,0,318,All,Surf too NEW,STM Long Seg Low Distress,ok,ok,ok,ok,ok,ok,ok,ok,ok,ok,ok,ok,ok,ok
250,19,Elm Close,0,82,All,STM Long Seg Low Distress,STM Long Seg Low Distress,STM Long Seg Low Distress,STM Long Seg Low Distress,ok,ok,ok,ok,ok,ok,ok,ok,ok,ok,ok,ok
251,9339,Weston Way,965,1051,All,STM Long Seg Low Distress,STM Long Seg Low Distress,STM Long Seg Low Distress,STM Long Seg Low Distress,ok,ok,ok,ok,ok,ok,ok,ok,ok,ok,ok,ok
252,41,Huamanu Street,0,116,All,ok,ok,ok,ok,ok,ok,ok,ok,ok,ok,ok,ok,ok,ok,ok,ok
253,30,Curly McLeod Way,0,69,All,ok,ok,ok,ok,ok,ok,ok,ok,ok,ok,ok,ok,ok,ok,ok,ok
254,39,Ashlar Court,0,251,All,ok,ok,ok,ok,ok,ok,ok,ok,ok,ok,ok,ok,ok,ok,ok,ok
255,36,Paneika Lane,391,520,All,Surf too NEW,Surf too NEW,Surf too NEW,SLA too Low,LTM Condition too Good,LTM Condition too Good,LTM Condition too Good,LTM Condition too Good,LTM Condition too Good,LTM Condition too Good,ok,ok,ok,ok,ok,ok
256,9339,Weston Way,886,939,All,STM Long Seg Low Distress,STM Long Seg Low Distress,STM Long Seg Low Distress,ok,ok,ok,ok,ok,ok,ok,ok,ok,ok,ok,ok,ok
257,6,Croatia Avenue,0,42,All,STM Short Seg Low Distress,STM Short Seg Low Distress,STM Short Seg Low Distress,STM Short Seg Low Distress,ok,ok,ok,ok,ok,ok,ok,ok,ok,ok,ok,ok
258,12,Kriletich Drive,0,263,All,STM Long Seg Low Distress,STM Long Seg Low Distress,STM Long Seg Low Distress,ok,ok,ok,ok,ok,ok,ok,ok,ok,ok,ok,ok,ok
259,22,Sir John McKenzie Drive,0,530,All,ok,ok,ok,ok,ok,ok,ok,ok,ok,ok,ok,ok,ok,ok,ok,ok
260,10,Upper Ahu Ahu Road,0,46,All,STM Short Seg Low Distress,STM Short Seg Low Distress,STM Short Seg Low Distress,STM Short Seg Low Distress,ok,ok,ok,ok,ok,ok,ok,ok,ok,ok,ok,ok
261,38,Tyler Place,279,322,All,STM Short Seg Low Distress,STM Short Seg Low Distress,STM Short Seg Low Distress,STM Short Seg Low Distress,ok,ok,ok,ok,ok,ok,ok,ok,ok,ok,ok,ok
262,27,Gallop Lane,116,136,All,SLA too Low,SLA too Low,SLA too Low,SLA too Low,SLA too Low,SLA too Low,SLA too Low,SLA too Low,SLA too Low,SLA too Low,ok,ok,ok,ok,ok,ok
263,974,Railway Terrace East,0,730,All,STM Long Seg Low Distress,STM Long Seg Low Distress,STM Long Seg Low Distress,STM Long Seg Low Distress,LTM Condition too Good,ok,ok,ok,ok,ok,ok,ok,ok,ok,ok,ok
264,8,Tarras Road,86,120,All,SLA too Low,STM Short Seg Low Distress,STM Short Seg Low Distress,STM Short Seg Low Distress,ok,ok,ok,ok,ok,ok,ok,ok,ok,ok,ok,ok
265,42,Te Manaki Street,0,377,All,ok,ok,ok,ok,ok,ok,ok,ok,ok,ok,ok,ok,ok,ok,ok,ok
266,38,Tyler Place,279,322,All,STM Short Seg Low Distress,STM Short Seg Low Distress,STM Short Seg Low Distress,STM Short Seg Low Distress,ok,ok,ok,ok,ok,ok,ok,ok,ok,ok,ok,ok
267,32,Karearea Lane,820,1262,All,STM Long Seg Low Distress,STM Long Seg Low Distress,ok,ok,ok,ok,ok,ok,ok,ok,ok,ok,ok,ok,ok,ok
268,1038,Gossey Drive North,1319,1723,All,STM Long Seg Low Distress,STM Long Seg Low Distress,ok,ok,ok,ok,ok,ok,ok,ok,ok,ok,ok,ok,ok,ok
269,11,Lower Ahu Ahu Road,0,158,All,STM Long Seg Low Distress,STM Long Seg Low Distress,STM Long Seg Low Distress,ok,ok,ok,ok,ok,ok,ok,ok,ok,ok,ok,ok,ok
270,8,Tarras Road,0,86,All,STM Long Seg Low Distress,STM Long Seg Low Distress,STM Long Seg Low Distress,ok,ok,ok,ok,ok,ok,ok,ok,ok,ok,ok,ok,ok
271,9167,Foxglove Drive,0,668,All,SLA too Low,SLA too Low,SLA too Low,SLA too Low,SLA too Low,ok,ok,ok,ok,ok,ok,ok,ok,ok,ok,ok
272,23,Apple Orchard Lane,0,185,All,STM Long Seg Low Distress,STM Long Seg Low Distress,ok,ok,ok,ok,ok,ok,ok,ok,ok,ok,ok,ok,ok,ok
273,13,Puriri Dale Way,0,293,All,ok,ok,ok,ok,ok,ok,ok,ok,ok,ok,ok,ok,ok,ok,ok,ok
274,15,Fendall Close,0,438,All,STM Long Seg Low Distress,STM Long Seg Low Distress,STM Long Seg Low Distress,ok,ok,ok,ok,ok,ok,ok,ok,ok,ok,ok,ok,ok
275,36,Paneika Lane,391,520,All,Surf too NEW,Surf too NEW,Surf too NEW,SLA too Low,ok,ok,ok,ok,ok,ok,ok,ok,ok,ok,ok,ok
276,917,Port Street East,874,1340,All,STM Long Seg Low Distress,ok,ok,ok,ok,ok,ok,ok,ok,ok,ok,ok,ok,ok,ok,ok
277,917,Port Street East,0,21,All,STM Short Seg Low Distress,STM Short Seg Low Distress,STM Short Seg Low Distress,STM Short Seg Low Distress,LTM Condition too Good,ok,ok,ok,ok,ok,ok,ok,ok,ok,ok,ok
278,1037,Epiha Road Upper,0,415,All,ok,ok,ok,ok,ok,ok,ok,ok,ok,ok,ok,ok,ok,ok,ok,ok
279,10,Upper Ahu Ahu Road,46,68,All,STM Short Seg Low Distress,STM Short Seg Low Distress,STM Short Seg Low Distress,STM Short Seg Low Distress,ok,ok,ok,ok,ok,ok,ok,ok,ok,ok,ok,ok
280,44,Dickins Lane,0,474,All,Surf too NEW,Surf too NEW,Surf too NEW,Surf too NEW,ok,ok,ok,ok,ok,ok,ok,ok,ok,ok,ok,ok
281,24,George Noble Road,0,272,All,STM Long Seg Low Distress,STM Long Seg Low Distress,ok,ok,ok,ok,ok,ok,ok,ok,ok,ok,ok,ok,ok,ok
282,38,Tyler Place,322,334,All,STM Short Seg Low Distress,STM Short Seg Low Distress,STM Short Seg Low Distress,STM Short Seg Low Distress,ok,ok,ok,ok,ok,ok,ok,ok,ok,ok,ok,ok
283,35,Leicester Place,0,660,All,Surf too NEW,Surf too NEW,Surf too NEW,Surf too NEW,SLA too Low,SLA too Low,SLA too Low,LTM Condition too Good,LTM Condition too Good,ok,ok,ok,ok,ok,ok,ok
284,43,Infantry Lane,0,95,All,ADT below Thresh,ADT below Thresh,ADT below Thresh,ADT below Thresh,LTM Condition too Good,ok,ok,ok,ok,ok,ok,ok,ok,ok,ok,ok
285,9339,Weston Way,2385,2696,All,STM Long Seg Low Distress,ok,ok,ok,LTM Condition too Good,ok,ok,ok,ok,ok,ok,ok,ok,ok,ok,ok
286,38,Tyler Place,0,279,All,ok,ok,ok,ok,ok,ok,ok,ok,ok,ok,ok,ok,ok,ok,ok,ok
287,15,Fendall Close,585,643,All,SLA too Low,SLA too Low,STM Long Seg Low Distress,STM Long Seg Low Distress,ok,ok,ok,ok,ok,ok,ok,ok,ok,ok,ok,ok
288,917,Port Street East,2120,2350,All,STM Long Seg Low Distress,STM Long Seg Low Distress,ok,ok,ok,ok,ok,ok,ok,ok,ok,ok,ok,ok,ok,ok
289,2,Fladgate Drive,0,565,All,ok,ok,ok,ok,ok,ok,ok,ok,ok,ok,ok,ok,ok,ok,ok,ok
290,1092,Bronte Road East,156,183,All,STM Short Seg Low Distress,STM Short Seg Low Distress,STM Short Seg Low Distress,STM Short Seg Low Distress,ok,ok,ok,ok,ok,ok,ok,ok,ok,ok,ok,ok
291,38,Tyler Place,279,322,All,STM Short Seg Low Distress,STM Short Seg Low Distress,STM Short Seg Low Distress,STM Short Seg Low Distress,ok,ok,ok,ok,ok,ok,ok,ok,ok,ok,ok,ok
292,9339,Weston Way,2696,3114,All,STM Long Seg Low Distress,ok,ok,ok,LTM Condition too Good,ok,ok,ok,ok,ok,ok,ok,ok,ok,ok,ok
293,28,Stirrup Lane,0,261,All,ok,ok,ok,ok,ok,ok,ok,ok,ok,ok,ok,ok,ok,ok,ok,ok
294,2,Fladgate Drive,0,565,All,STM Long Seg Low Distress,ok,ok,ok,LTM Condition too Good,ok,ok,ok,ok,ok,ok,ok,ok,ok,ok,ok
295,15,Fendall Close,736,814,All,ok,ok,ok,ok,ok,ok,ok,ok,ok,ok,ok,ok,ok,ok,ok,ok
296,21,Tapeka Heights Lane,0,277,All,ok,ok,ok,ok,ok,ok,ok,ok,ok,ok,ok,ok,ok,ok,ok,ok
297,917,Port Street East,0,21,All,STM Short Seg Low Distress,STM Short Seg Low Distress,STM Short Seg Low Distress,STM Short Seg Low Distress,ok,ok,ok,ok,ok,ok,ok,ok,ok,ok,ok,ok
298,12,Kriletich Drive,0,263,All,STM Long Seg Low Distress,STM Long Seg Low Distress,STM Long Seg Low Distress,ok,LTM Condition too Good,ok,ok,ok,ok,ok,ok,ok,ok,ok,ok,ok
299,33,Okoare Lane,0,58,All,SLA too Low,SLA too Low,ok,ok,ok,ok,ok,ok,ok,ok,ok,ok,ok,ok,ok,ok
300,32,Karearea Lane,84,154,All,ok,ok,ok,ok,ok,ok,ok,ok,ok,ok,ok,ok,ok,ok,ok,ok
301,33,Okoare Lane,0,58,All,SLA too Low,SLA too Low,STM Long Seg Low Distress,STM Long Seg Low Distress,LTM Condition too Good,LTM Condition too Good,LTM Condition too Good,LTM Condition too Good,ok,ok,ok,ok,ok,ok,ok,ok
302,9339,Weston Way,1999,2369,All,ok,ok,ok,ok,ok,ok,ok,ok,ok,ok,ok,ok,ok,ok,ok,ok
303,9339,Weston Way,886,939,All,STM Long Seg Low Distress,STM Long Seg Low Distress,STM Long Seg Low Distress,ok,ok,ok,ok,ok,ok,ok,ok,ok,ok,ok,ok,ok
304,44,Dickins Lane,474,1091,All,Surf too NEW,Surf too NEW,Surf too NEW,Surf too NEW,SLA too Low,SLA too Low,SLA too Low,LTM Condition too Good,LTM Condition too Good,LTM Condition too Good,LTM Condition too Good,LTM Condition too Good,LTM Condition too Good,ok,ok,ok
305,7056,Dawick Street,0,78,All,STM Long Seg Low Distress,STM Long Seg Low Distress,STM Long Seg Low Distress,ok,ok,ok,ok,ok,ok,ok,ok,ok,ok,ok,ok,ok
306,30,Curly McLeod Way,69,82,All,STM Short Seg Low Distress,STM Short Seg Low Distress,STM Short Seg Low Distress,STM Short Seg Low Distress,ok,ok,ok,ok,ok,ok,ok,ok,ok,ok,ok,ok
307,917,Port Street East,1340,1431,All,ok,ok,ok,ok,ok,ok,ok,ok,ok,ok,ok,ok,ok,ok,ok,ok
308,26,Stud Road,0,205,All,STM Long Seg Low Distress,STM Long Seg Low Distress,ok,ok,ok,ok,ok,ok,ok,ok,ok,ok,ok,ok,ok,ok
309,22,Sir John McKenzie Drive,0,530,All,STM Long Seg Low Distress,STM Long Seg Low Distress,STM Long Seg Low Distress,ok,ok,ok,ok,ok,ok,ok,ok,ok,ok,ok,ok,ok
310,10,Upper Ahu Ahu Road,0,46,All,STM Short Seg Low Distress,STM Short Seg Low Distress,STM Short Seg Low Distress,STM Short Seg Low Distress,ok,ok,ok,ok,ok,ok,ok,ok,ok,ok,ok,ok
311,42,Te Manaki Street,0,377,All,ok,ok,ok,ok,ok,ok,ok,ok,ok,ok,ok,ok,ok,ok,ok,ok
312,38,Tyler Place,334,389,All,STM Long Seg Low Distress,ok,ok,ok,ok,ok,ok,ok,ok,ok,ok,ok,ok,ok,ok,ok
313,9,Kowhai Glen,0,305,All,ok,ok,ok,ok,ok,ok,ok,ok,ok,ok,ok,ok,ok,ok,ok,ok
314,8,Tarras Road,86,120,All,SLA too Low,STM Short Seg Low Distress,STM Short Seg Low Distress,STM Short Seg Low Distress,ok,ok,ok,ok,ok,ok,ok,ok,ok,ok,ok,ok
315,41,Huamanu Street,0,116,All,ok,ok,ok,ok,ok,ok,ok,ok,ok,ok,ok,ok,ok,ok,ok,ok
316,5,Vintry Drive,0,362,All,STM Long Seg Low Distress,STM Long Seg Low Distress,ok,ok,ok,ok,ok,ok,ok,ok,ok,ok,ok,ok,ok,ok
317,7056,Dawick Street,78,88,All,SLA too Low,SLA too Low,SLA too Low,SLA too Low,SLA too Low,SLA too Low,SLA too Low,SLA too Low,SLA too Low,SLA too Low,SLA too Low,SLA too Low,ok,ok,ok,ok
318,9339,Weston Way,814,886,All,ok,ok,ok,ok,ok,ok,ok,ok,ok,ok,ok,ok,ok,ok,ok,ok
319,24,George Noble Road,272,286,All,SLA too Low,SLA too Low,SLA too Low,SLA too Low,SLA too Low,SLA too Low,ok,ok,ok,ok,ok,ok,ok,ok,ok,ok
320,8,Tarras Road,86,120,All,SLA too Low,STM Short Seg Low Distress,STM Short Seg Low Distress,STM Short Seg Low Distress,LTM Condition too Good,LTM Condition too Good,LTM Condition too Good,LTM Condition too Good,ok,ok,ok,ok,ok,ok,ok,ok
321,32,Karearea Lane,84,154,All,ok,ok,ok,ok,ok,ok,ok,ok,ok,ok,ok,ok,ok,ok,ok,ok
322,15,Fendall Close,736,814,All,STM Long Seg Low Distress,ok,ok,ok,ok,ok,ok,ok,ok,ok,ok,ok,ok,ok,ok,ok
323,23,Apple Orchard Lane,0,185,All,STM Long Seg Low Distress,STM Long Seg Low Distress,ok,ok,ok,ok,ok,ok,ok,ok,ok,ok,ok,ok,ok,ok
324,28,Stirrup Lane,0,261,All,STM Long Seg Low Distress,STM Long Seg Low Distress,STM Long Seg Low Distress,ok,ok,ok,ok,ok,ok,ok,ok,ok,ok,ok,ok,ok
325,9339,Weston Way,3398,3457,All,STM Long Seg Low Distress,STM Long Seg Low Distress,STM Long Seg Low Distress,ok,ok,ok,ok,ok,ok,ok,ok,ok,ok,ok,ok,ok
326,20,Burkes Creek Road,549,697,All,STM Long Seg Low Distress,STM Long Seg Low Distress,STM Long Seg Low Distress,ok,ok,ok,ok,ok,ok,ok,ok,ok,ok,ok,ok,ok
327,20,Burkes Creek Road,0,21,All,STM Short Seg Low Distress,STM Short Seg Low Distress,STM Short Seg Low Distress,STM Short Seg Low Distress,ok,ok,ok,ok,ok,ok,ok,ok,ok,ok,ok,ok
328,37,Freemason Avenue,149,172,All,SLA too Low,SLA too Low,SLA too Low,SLA too Low,ok,ok,ok,ok,ok,ok,ok,ok,ok,ok,ok,ok
329,9339,Weston Way,2696,3114,All,STM Long Seg Low Distress,ok,ok,ok,LTM Condition too Good,ok,ok,ok,ok,ok,ok,ok,ok,ok,ok,ok
330,30,Curly McLeod Way,69,82,All,STM Short Seg Low Distress,STM Short Seg Low Distress,STM Short Seg Low Distress,STM Short Seg Low Distress,ok,ok,ok,ok,ok,ok,ok,ok,ok,ok,ok,ok
331,1092,Bronte Road East,0,156,All,ok,ok,ok,ok,ok,ok,ok,ok,ok,ok,ok,ok,ok,ok,ok,ok
332,9339,Weston Way,886,939,All,STM Long Seg Low Distress,STM Long Seg Low Distress,STM Long Seg Low Distress,ok,ok,ok,ok,ok,ok,ok,ok,ok,ok,ok,ok,ok
333,15,Fendall Close,585,643,All,SLA too Low,SLA too Low,STM Long Seg Low Distress,STM Long Seg Low Distress,LTM Condition too Good,LTM Condition too Good,LTM Condition too Good,LTM Condition too Good,LTM Condition too Good,LTM Condition too Good,LTM Condition too Good,ok,ok,ok,ok,ok
334,9339,Weston Way,1999,2369,All,STM Long Seg Low Distress,ok,ok,ok,ok,ok,ok,ok,ok,ok,ok,ok,ok,ok,ok,ok
335,23,Apple Orchard Lane,0,185,All,ok,ok,ok,ok,ok,ok,ok,ok,ok,ok,ok,ok,ok,ok,ok,ok
336,9339,Weston Way,3457,3675,All,STM Long Seg Low Distress,STM Long Seg Low Distress,STM Long Seg Low Distress,STM Long Seg Low Distress,ok,ok,ok,ok,ok,ok,ok,ok,ok,ok,ok,ok
337,1092,Bronte Road East,0,156,All,ok,ok,ok,ok,ok,ok,ok,ok,ok,ok,ok,ok,ok,ok,ok,ok
338,9339,Weston Way,2385,2696,All,ok,ok,ok,ok,ok,ok,ok,ok,ok,ok,ok,ok,ok,ok,ok,ok
339,1092,Bronte Road East,156,183,All,STM Short Seg Low Distress,STM Short Seg Low Distress,STM Short Seg Low Distress,STM Short Seg Low Distress,LTM Condition too Good,ok,ok,ok,ok,ok,ok,ok,ok,ok,ok,ok
340,1,Conifer Close,0,378,All,ok,ok,ok,ok,ok,ok,ok,ok,ok,ok,ok,ok,ok,ok,ok,ok
341,4,Highfield Drive,0,71,All,STM Long Seg Low Distress,ok,ok,ok,LTM Condition too Good,ok,ok,ok,ok,ok,ok,ok,ok,ok,ok,ok
342,2,Fladgate Drive,0,565,All,ok,ok,ok,ok,ok,ok,ok,ok,ok,ok,ok,ok,ok,ok,ok,ok
343,917,Port Street East,874,1340,All,ok,ok,ok,ok,ok,ok,ok,ok,ok,ok,ok,ok,ok,ok,ok,ok
344,32,Karearea Lane,820,1262,All,STM Long Seg Low Distress,STM Long Seg Low Distress,ok,ok,ok,ok,ok,ok,ok,ok,ok,ok,ok,ok,ok,ok
345,41,Huamanu Street,116,134,All,SLA too Low,SLA too Low,SLA too Low,SLA too Low,SLA too Low,SLA too Low,ok,ok,ok,ok,ok,ok,ok,ok,ok,ok
346,27,Gallop Lane,0,116,All,STM Long Seg Low Distress,STM Long Seg Low Distress,STM Long Seg Low Distress,ok,ok,ok,ok,ok,ok,ok,ok,ok,ok,ok,ok,ok
347,16,Sarah Lane,0,515,All,STM Long Seg Low Distress,STM Long Seg Low Distress,STM Long Seg Low Distress,ok,ok,ok,ok,ok,ok,ok,ok,ok,ok,ok,ok,ok
348,2,Fladgate Drive,0,565,All,STM Long Seg Low Distress,ok,ok,ok,ok,ok,ok,ok,ok,ok,ok,ok,ok,ok,ok,ok
349,9339,Weston Way,3398,3457,All,ok,ok,ok,ok,ok,ok,ok,ok,ok,ok,ok,ok,ok,ok,ok,ok
350,917,Port Street East,2120,2350,All,STM Long Seg Low Distress,ok,ok,ok,ok,ok,ok,ok,ok,ok,ok,ok,ok,ok,ok,ok
351,917,Port Street East,1340,1431,All,STM Long Seg Low Distress,ok,ok,ok,ok,ok,ok,ok,ok,ok,ok,ok,ok,ok,ok,ok
352,1038,Gossey Drive North,1319,1723,All,STM Long Seg Low Distress,STM Long Seg Low Distress,STM Long Seg Low Distress,ok,ok,ok,ok,ok,ok,ok,ok,ok,ok,ok,ok,ok
353,29,Riroriro Road,0,122,All,STM Long Seg Low Distress,STM Long Seg Low Distress,ok,ok,ok,ok,ok,ok,ok,ok,ok,ok,ok,ok,ok,ok
354,10,Upper Ahu Ahu Road,46,68,All,STM Short Seg Low Distress,STM Short Seg Low Distress,STM Short Seg Low Distress,STM Short Seg Low Distress,ok,ok,ok,ok,ok,ok,ok,ok,ok,ok,ok,ok
355,26,Stud Road,0,205,All,STM Long Seg Low Distress,STM Long Seg Low Distress,STM Long Seg Low Distress,ok,ok,ok,ok,ok,ok,ok,ok,ok,ok,ok,ok,ok
356,6,Croatia Avenue,42,76,All,STM Short Seg Low Distress,STM Short Seg Low Distress,STM Short Seg Low Distress,STM Short Seg Low Distress,ok,ok,ok,ok,ok,ok,ok,ok,ok,ok,ok,ok
357,9167,Foxglove Drive,0,668,All,SLA too Low,SLA too Low,SLA too Low,SLA too Low,SLA too Low,ok,ok,ok,ok,ok,ok,ok,ok,ok,ok,ok
358,7056,Dawick Street,78,88,All,SLA too Low,SLA too Low,SLA too Low,SLA too Low,SLA too Low,SLA too Low,SLA too Low,SLA too Low,SLA too Low,SLA too Low,SLA too Low,SLA too Low,ok,ok,ok,ok
359,18,Monaghan Way,0,80,All,SLA too Low,SLA too Low,STM Long Seg Low Distress,STM Long Seg Low Distress,LTM Condition too Good,LTM Condition too Good,LTM Condition too Good,LTM Condition too Good,LTM Condition too Good,LTM Condition too Good,ok,ok,ok,ok,ok,ok
360,36,Paneika Lane,391,520,All,Surf too NEW,Surf too NEW,Surf too NEW,SLA too Low,LTM Condition too Good,LTM Condition too Good,LTM Condition too Good,LTM Condition too Good,LTM Condition too Good,LTM Condition too Good,ok,ok,ok,ok,ok,ok
361,9339,Weston Way,1589,1999,All,STM Long Seg Low Distress,ok,ok,ok,ok,ok,ok,ok,ok,ok,ok,ok,ok,ok,ok,ok
362,6,Croatia Avenue,42,76,All,STM Short Seg Low Distress,STM Short Seg Low Distress,STM Short Seg Low Distress,STM Short Seg Low Distress,ok,ok,ok,ok,ok,ok,ok,ok,ok,ok,ok,ok
363,37,Freemason Avenue,149,172,All,SLA too Low,SLA too Low,SLA too Low,SLA too Low,LTM Condition too Good,LTM Condition too Good,LTM Condition too Good,LTM Condition too Good,LTM Condition too Good,LTM Condition too Good,LTM Condition too Good,LTM Condition too Good,LTM Condition too Good,LTM Condition too Good,ok,ok
364,9339,Weston Way,2696,3114,All,ok,ok,ok,ok,ok,ok,ok,ok,ok,ok,ok,ok,ok,ok,ok,ok
365,1035,Cousins Avenue East,0,61,All,ok,ok,ok,ok,ok,ok,ok,ok,ok,ok,ok,ok,ok,ok,ok,ok
366,2,Fladgate Drive,0,565,All,ok,ok,ok,ok,ok,ok,ok,ok,ok,ok,ok,ok,ok,ok,ok,ok
367,35,Leicester Place,0,660,All,Surf too NEW,Surf too NEW,Surf too NEW,Surf too NEW,SLA too Low,SLA too Low,SLA too Low,ok,ok,ok,ok,ok,ok,ok,ok,ok
368,2,Fladgate Drive,0,565,All,STM Long Seg Low Distress,ok,ok,ok,LTM Condition too Good,ok,ok,ok,ok,ok,ok,ok,ok,ok,ok,ok
369,13,Puriri Dale Way,0,293,All,ok,ok,ok,ok,ok,ok,ok,ok,ok,ok,ok,ok,ok,ok,ok,ok
370,41,Huamanu Street,116,134,All,SLA too Low,SLA too Low,SLA too Low,SLA too Low,SLA too Low,SLA too Low,ok,ok,ok,ok,ok,ok,ok,ok,ok,ok
371,1037,Epiha Road Upper,0,415,All,ok,ok,ok,ok,ok,ok,ok,ok,ok,ok,ok,ok,ok,ok,ok,ok
372,24,George Noble Road,0,272,All,STM Long Seg Low Distress,ok,ok,ok,ok,ok,ok,ok,ok,ok,ok,ok,ok,ok,ok,ok
373,20,Burkes Creek Road,765,1789,All,STM Long Seg Low Distress,STM Long Seg Low Distress,STM Long Seg Low Distress,ok,ok,ok,ok,ok,ok,ok,ok,ok,ok,ok,ok,ok
374,9,Kowhai Glen,0,305,All,STM Long Seg Low Distress,STM Long Seg Low Distress,STM Long Seg Low Distress,ok,LTM Condition too Good,ok,ok,ok,ok,ok,ok,ok,ok,ok,ok,ok
375,37,Freemason Avenue,0,149,All,STM Long Seg Low Distress,STM Long Seg Low Distress,STM Long Seg Low Distress,ok,ok,ok,ok,ok,ok,ok,ok,ok,ok,ok,ok,ok
376,32,Karearea Lane,0,56,All,STM Long Seg Low Distress,ok,ok,ok,ok,ok,ok,ok,ok,ok,ok,ok,ok,ok,ok,ok
377,15,Fendall Close,0,438,All,STM Long Seg Low Distress,STM Long Seg Low Distress,STM Long Seg Low Distress,ok,ok,ok,ok,ok,ok,ok,ok,ok,ok,ok,ok,ok
378,7,Lumbarda Drive,0,152,All,SLA too Low,SLA too Low,SLA too Low,SLA too Low,SLA too Low,ok,ok,ok,ok,ok,ok,ok,ok,ok,ok,ok
379,38,Tyler Place,322,334,All,STM Short Seg Low Distress,STM Short Seg Low Distress,STM Short Seg Low Distress,STM Short Seg Low Distress,ok,ok,ok,ok,ok,ok,ok,ok,ok,ok,ok,ok
380,9339,Weston Way,814,886,All,ok,ok,ok,ok,ok,ok,ok,ok,ok,ok,ok,ok,ok,ok,ok,ok
381,8,Tarras Road,86,120,All,SLA too Low,STM Short Seg Low Distress,STM Short Seg Low Distress,STM Short Seg Low Distress,ok,ok,ok,ok,ok,ok,ok,ok,ok,ok,ok,ok
382,29,Riroriro Road,0,122,All,STM Long Seg Low Distress,STM Long Seg Low Distress,ok,ok,ok,ok,ok,ok,ok,ok,ok,ok,ok,ok,ok,ok
383,36,Paneika Lane,370,391,All,STM Short Seg Low Distress,STM Short Seg Low Distress,STM Short Seg Low Distress,STM Short Seg Low Distress,LTM Condition too Good,ok,ok,ok,ok,ok,ok,ok,ok,ok,ok,ok
384,20,Burkes Creek Road,549,697,All,ok,ok,ok,ok,ok,ok,ok,ok,ok,ok,ok,ok,ok,ok,ok,ok
385,32,Karearea Lane,0,56,All,ok,ok,ok,ok,ok,ok,ok,ok,ok,ok,ok,ok,ok,ok,ok,ok
386,9339,Weston Way,3114,3398,All,ok,ok,ok,ok,ok,ok,ok,ok,ok,ok,ok,ok,ok,ok,ok,ok
387,35,Leicester Place,0,660,All,Surf too NEW,Surf too NEW,Surf too NEW,Surf too NEW,SLA too Low,SLA too Low,SLA too Low,ok,ok,ok,ok,ok,ok,ok,ok,ok
388,37,Freemason Avenue,172,362,All,STM Long Seg Low Distress,STM Long Seg Low Distress,STM Long Seg Low Distress,ok,ok,ok,ok,ok,ok,ok,ok,ok,ok,ok,ok,ok
389,32,Karearea Lane,0,56,All,STM Long Seg Low Distress,ok,ok,ok,ok,ok,ok,ok,ok,ok,ok,ok,ok,ok,ok,ok
390,25,Founders Lane,0,597,All,Surf too NEW,Surf too NEW,Surf too NEW,Surf too NEW,SLA too Low,SLA too Low,SLA too Low,ok,ok,ok,ok,ok,ok,ok,ok,ok
391,7056,Dawick Street,78,88,All,SLA too Low,SLA too Low,SLA too Low,SLA too Low,SLA too Low,SLA too Low,SLA too Low,SLA too Low,SLA too Low,SLA too Low,SLA too Low,SLA too Low,LTM Condition too Good,ok,ok,ok
392,11,Lower Ahu Ahu Road,158,179,All,SLA too Low,SLA too Low,SLA too Low,SLA too Low,SLA too Low,SLA too Low,SLA too Low,SLA too Low,SLA too Low,SLA too Low,ok,ok,ok,ok,ok,ok
393,38,Tyler Place,279,322,All,STM Short Seg Low Distress,STM Short Seg Low Distress,STM Short Seg Low Distress,STM Short Seg Low Distress,ok,ok,ok,ok,ok,ok,ok,ok,ok,ok,ok,ok
394,1035,Cousins Avenue East,0,61,All,STM Long Seg Low Distress,STM Long Seg Low Distress,STM Long Seg Low Distress,STM Long Seg Low Distress,LTM Condition too Good,ok,ok,ok,ok,ok,ok,ok,ok,ok,ok,ok
395,1092,Bronte Road East,0,156,All,ok,ok,ok,ok,ok,ok,ok,ok,ok,ok,ok,ok,ok,ok,ok,ok
396,1035,Cousins Avenue East,0,61,All,STM Long Seg Low Distress,STM Long Seg Low Distress,STM Long Seg Low Distress,STM Long Seg Low Distress,ok,ok,ok,ok,ok,ok,ok,ok,ok,ok,ok,ok
397,11,Lower Ahu Ahu Road,0,158,All,STM Long Seg Low Distress,STM Long Seg Low Distress,STM Long Seg Low Distress,ok,ok,ok,ok,ok,ok,ok,ok,ok,ok,ok,ok,ok
398,27,Gallop Lane,116,136,All,SLA too Low,SLA too Low,SLA too Low,SLA too Low,SLA too Low,SLA too Low,SLA too Low,SLA too Low,SLA too Low,SLA too Low,LTM Condition too Good,LTM Condition too Good,ok,ok,ok,ok
399,20,Burkes Creek Road,549,697,All,STM Long Seg Low Distress,STM Long Seg Low Distress,STM Long Seg Low Distress,ok,ok,ok,ok,ok,ok,ok,ok,ok,ok,ok,ok,ok
400,22,Sir John McKenzie Drive,0,530,All,ok,ok,ok,ok,ok,ok,ok,ok,ok,ok,ok,ok,ok,ok,ok,ok
401,23,Apple Orchard Lane,0,185,All,ok,ok,ok,ok,ok,ok,ok,ok,ok,ok,ok,ok,ok,ok,ok,ok
402,20,Burkes Creek Road,549,697,All,ok,ok,ok,ok,ok,ok,ok,ok,ok,ok,ok,ok,ok,ok,ok,ok
403,8,Tarras Road,86,120,All,SLA too Low,STM Short Seg Low Distress,STM Short Seg Low Distress,STM Short Seg Low Distress,ok,ok,ok,ok,ok,ok,ok,ok,ok,ok,ok,ok
404,29,Riroriro Road,122,139,All,SLA too Low,SLA too Low,SLA too Low,STM Short Seg Low Distress,ok,ok,ok,ok,ok,ok,ok,ok,ok,ok,ok,ok
405,3,Matai Way,0,557,All,ok,ok,ok,ok,ok,ok,ok,ok,ok,ok,ok,ok,ok,ok,ok,ok
406,9339,Weston Way,2696,3114,All,ok,ok,ok,ok,ok,ok,ok,ok,ok,ok,ok,ok,ok,ok,ok,ok
407,32,Karearea Lane,154,820,All,STM Long Seg Low Distress,ok,ok,ok,ok,ok,ok,ok,ok,ok,ok,ok,ok,ok,ok,ok
408,1037,Epiha Road Upper,0,415,All,STM Long Seg Low Distress,STM Long Seg Low Distress,STM Long Seg Low Distress,ok,ok,ok,ok,ok,ok,ok,ok,ok,ok,ok,ok,ok
409,917,Port Street East,1431,2115,All,ok,ok,ok,ok,ok,ok,ok,ok,ok,ok,ok,ok,ok,ok,ok,ok
410,1092,Bronte Road East,0,156,All,STM Long Seg Low Distress,ok,ok,ok,LTM Condition too Good,ok,ok,ok,ok,ok,ok,ok,ok,ok,ok,ok
411,9167,Foxglove Drive,0,668,All,SLA too Low,SLA too Low,SLA too Low,SLA too Low,SLA too Low,LTM Condition too Good,LTM Condition too Good,LTM Condition too Good,ok,ok,ok,ok,ok,ok,ok,ok
412,9339,Weston Way,1589,1999,All,ok,ok,ok,ok,ok,ok,ok,ok,ok,ok,ok,ok,ok,ok,ok,ok
413,41,Huamanu Street,0,116,All,STM Long Seg Low Distress,STM Long Seg Low Distress,STM Long Seg Low Distress,ok,ok,ok,ok,ok,ok,ok,ok,ok,ok,ok,ok,ok
414,917,Port Street East,1340,1431,All,STM Long Seg Low Distress,ok,ok,ok,LTM Condition too Good,ok,ok,ok,ok,ok,ok,ok,ok,ok,ok,ok
415,7056,Dawick Street,78,88,All,SLA too Low,SLA too Low,SLA too Low,SLA too Low,SLA too Low,SLA too Low,SLA too Low,SLA too Low,SLA too Low,SLA too Low,SLA too Low,SLA too Low,ok,ok,ok,ok
416,36,Paneika Lane,0,370,All,Surf too NEW,SLA too Low,SLA too Low,SLA too Low,SLA too Low,SLA too Low,SLA too Low,SLA too Low,LTM Condition too Good,LTM Condition too Good,LTM Condition too Good,LTM Condition too Good,ok,ok,ok,ok
417,974,Railway Terrace East,0,730,All,STM Long Seg Low Distress,STM Long Seg Low Distress,ok,ok,ok,ok,ok,ok,ok,ok,ok,ok,ok,ok,ok,ok
418,9339,Weston Way,2696,3114,All,STM Long Seg Low Distress,ok,ok,ok,LTM Condition too Good,ok,ok,ok,ok,ok,ok,ok,ok,ok,ok,ok
419,15,Fendall Close,585,643,All,SLA too Low,SLA too Low,STM Long Seg Low Distress,STM Long Seg Low Distress,ok,ok,ok,ok,ok,ok,ok,ok,ok,ok,ok,ok
420,917,Port Street East,2120,2350,All,STM Long Seg Low Distress,STM Long Seg Low Distress,ok,ok,ok,ok,ok,ok,ok,ok,ok,ok,ok,ok,ok,ok
421,1038,Gossey Drive North,1319,1723,All,STM Long Seg Low Distress,ok,ok,ok,ok,ok,ok,ok,ok,ok,ok,ok,ok,ok,ok,ok
422,9339,Weston Way,886,939,All,STM Long Seg Low Distress,STM Long Seg Low Distress,ok,ok,ok,ok,ok,ok,ok,ok,ok,ok,ok,ok,ok,ok
423,9167,Foxglove Drive,0,668,All,SLA too Low,SLA too Low,SLA too Low,SLA too Low,SLA too Low,ok,ok,ok,ok,ok,ok,ok,ok,ok,ok,ok
424,6,Croatia Avenue,0,42,All,STM Short Seg Low Distress,STM Short Seg Low Distress,STM Short Seg Low Distress,STM Short Seg Low Distress,ok,ok,ok,ok,ok,ok,ok,ok,ok,ok,ok,ok
425,40,Bravery Road,0,278,All,STM Long Seg Low Distress,ok,ok,ok,ok,ok,ok,ok,ok,ok,ok,ok,ok,ok,ok,ok
426,41,Huamanu Street,0,116,All,ok,ok,ok,ok,ok,ok,ok,ok,ok,ok,ok,ok,ok,ok,ok,ok
427,9339,Weston Way,1589,1999,All,ok,ok,ok,ok,ok,ok,ok,ok,ok,ok,ok,ok,ok,ok,ok,ok
428,32,Karearea Lane,820,1262,All,STM Long Seg Low Distress,STM Long Seg Low Distress,STM Long Seg Low Distress,ok,ok,ok,ok,ok,ok,ok,ok,ok,ok,ok,ok,ok
429,19,Elm Close,0,82,All,STM Long Seg Low Distress,STM Long Seg Low Distress,STM Long Seg Low Distress,STM Long Seg Low Distress,ok,ok,ok,ok,ok,ok,ok,ok,ok,ok,ok,ok
430,917,Port Street East,874,1340,All,ok,ok,ok,ok,ok,ok,ok,ok,ok,ok,ok,ok,ok,ok,ok,ok
431,1035,Cousins Avenue East,0,61,All,ok,ok,ok,ok,ok,ok,ok,ok,ok,ok,ok,ok,ok,ok,ok,ok
432,26,Stud Road,0,205,All,STM Long Seg Low Distress,STM Long Seg Low Distress,STM Long Seg Low Distress,STM Long Seg Low Distress,LTM Condition too Good,ok,ok,ok,ok,ok,ok,ok,ok,ok,ok,ok
433,20,Burkes Creek Road,765,1789,All,STM Long Seg Low Distress,STM Long Seg Low Distress,STM Long Seg Low Distress,ok,LTM Condition too Good,ok,ok,ok,ok,ok,ok,ok,ok,ok,ok,ok
434,38,Tyler Place,334,389,All,ok,ok,ok,ok,ok,ok,ok,ok,ok,ok,ok,ok,ok,ok,ok,ok
435,917,Port Street East,1431,2115,All,STM Long Seg Low Distress,STM Long Seg Low Distress,ok,ok,ok,ok,ok,ok,ok,ok,ok,ok,ok,ok,ok,ok
436,9,Kowhai Glen,0,305,All,ok,ok,ok,ok,ok,ok,ok,ok,ok,ok,ok,ok,ok,ok,ok,ok
437,1092,Bronte Road East,156,183,All,STM Short Seg Low Distress,STM Short Seg Low Distress,STM Short Seg Low Distress,STM Short Seg Low Distress,LTM Condition too Good,ok,ok,ok,ok,ok,ok,ok,ok,ok,ok,ok
438,11,Lower Ahu Ahu Road,0,158,All,STM Long Seg Low Distress,STM Long Seg Low Distress,ok,ok,ok,ok,ok,ok,ok,ok,ok,ok,ok,ok,ok,ok
439,33,Okoare Lane,0,58,All,SLA too Low,SLA too Low,STM Long Seg Low Distress,STM Long Seg Low Distress,LTM Condition too Good,LTM Condition too Good,LTM Condition too Good,LTM Condition too Good,LTM Condition too Good,ok,ok,ok,ok,ok,ok,ok
440,9339,Weston Way,1051,1219,All,ok,ok,ok,ok,ok,ok,ok,ok,ok,ok,ok,ok,ok,ok,ok,ok
441,15,Fendall Close,438,585,All,STM Long Seg Low Distress,ok,ok,ok,ok,ok,ok,ok,ok,ok,ok,ok,ok,ok,ok,ok
442,8,Tarras Road,0,86,All,STM Long Seg Low Distress,STM Long Seg Low Distress,STM Long Seg Low Distress,STM Long Seg Low Distress,ok,ok,ok,ok,ok,ok,ok,ok,ok,ok,ok,ok
443,1035,Cousins Avenue East,0,61,All,STM Long Seg Low Distress,ok,ok,ok,ok,ok,ok,ok,ok,ok,ok,ok,ok,ok,ok,ok
444,16,Sarah Lane,0,515,All,ok,ok,ok,ok,ok,ok,ok,ok,ok,ok,ok,ok,ok,ok,ok,ok
445,9339,Weston Way,3114,3398,All,ok,ok,ok,ok,ok,ok,ok,ok,ok,ok,ok,ok,ok,ok,ok,ok
446,29,Riroriro Road,0,122,All,STM Long Seg Low Distress,STM Long Seg Low Distress,STM Long Seg Low Distress,ok,ok,ok,ok,ok,ok,ok,ok,ok,ok,ok,ok,ok
447,20,Burkes Creek Road,549,697,All,STM Long Seg Low Distress,STM Long Seg Low Distress,STM Long Seg Low Distress,ok,ok,ok,ok,ok,ok,ok,ok,ok,ok,ok,ok,ok
448,15,Fendall Close,643,736,All,STM Long Seg Low Distress,STM Long Seg Low Distress,STM Long Seg Low Distress,ok,ok,ok,ok,ok,ok,ok,ok,ok,ok,ok,ok,ok
449,20,Burkes Creek Road,549,697,All,ok,ok,ok,ok,ok,ok,ok,ok,ok,ok,ok,ok,ok,ok,ok,ok
450,11,Lower Ahu Ahu Road,0,158,All,STM Long Seg Low Distress,STM Long Seg Low Distress,STM Long Seg Low Distress,ok,ok,ok,ok,ok,ok,ok,ok,ok,ok,ok,ok,ok
451,38,Tyler Place,279,322,All,STM Short Seg Low Distress,STM Short Seg Low Distress,STM Short Seg Low Distress,STM Short Seg Low Distress,LTM Condition too Good,ok,ok,ok,ok,ok,ok,ok,ok,ok,ok,ok
452,9339,Weston Way,886,939,All,STM Long Seg Low Distress,ok,ok,ok,ok,ok,ok,ok,ok,ok,ok,ok,ok,ok,ok,ok
453,41,Huamanu Street,116,134,All,SLA too Low,SLA too Low,SLA too Low,SLA too Low,SLA too Low,SLA too Low,ok,ok,ok,ok,ok,ok,ok,ok,ok,ok
454,917,Port Street East,1431,2115,All,STM Long Seg Low Distress,STM Long Seg Low Distress,ok,ok,ok,ok,ok,ok,ok,ok,ok,ok,ok,ok,ok,ok
455,21,Tapeka Heights Lane,0,277,All,ok,ok,ok,ok,ok,ok,ok,ok,ok,ok,ok,ok,ok,ok,ok,ok
456,9339,Weston Way,3398,3457,All,STM Long Seg Low Distress,STM Long Seg Low Distress,STM Long Seg Low Distress,ok,ok,ok,ok,ok,ok,ok,ok,ok,ok,ok,ok,ok
457,15,Fendall Close,736,814,All,STM Long Seg Low Distress,ok,ok,ok,ok,ok,ok,ok,ok,ok,ok,ok,ok,ok,ok,ok
458,29,Riroriro Road,122,139,All,SLA too Low,SLA too Low,SLA too Low,STM Short Seg Low Distress,ok,ok,ok,ok,ok,ok,ok,ok,ok,ok,ok,ok
459,44,Dickins Lane,0,474,All,Surf too NEW,Surf too NEW,Surf too NEW,Surf too NEW,LTM Condition too Good,LTM Condition too Good,LTM Condition too Good,LTM Condition too Good,LTM Condition too Good,ok,ok,ok,ok,ok,ok,ok
460,43,Infantry Lane,0,95,All,ADT below Thresh,ADT below Thresh,ADT below Thresh,ADT below Thresh,LTM Condition too Good,ok,ok,ok,ok,ok,ok,ok,ok,ok,ok,ok
461,9339,Weston Way,2385,2696,All,STM Long Seg Low Distress,ok,ok,ok,LTM Condition too Good,ok,ok,ok,ok,ok,ok,ok,ok,ok,ok,ok
462,20,Burkes Creek Road,697,765,All,STM Long Seg Low Distress,STM Long Seg Low Distress,ok,ok,ok,ok,ok,ok,ok,ok,ok,ok,ok,ok,ok,ok
463,11,Lower Ahu Ahu Road,158,179,All,SLA too Low,SLA too Low,SLA too Low,SLA too Low,SLA too Low,SLA too Low,SLA too Low,SLA too Low,SLA too Low,SLA too Low,LTM Condition too Good,LTM Condition too Good,ok,ok,ok,ok
464,3,Matai Way,0,557,All,STM Long Seg Low Distress,ok,ok,ok,ok,ok,ok,ok,ok,ok,ok,ok,ok,ok,ok,ok
465,16,Sarah Lane,0,515,All,ok,ok,ok,ok,ok,ok,ok,ok,ok,ok,ok,ok,ok,ok,ok,ok
466,15,Fendall Close,643,736,All,STM Long Seg Low Distress,ok,ok,ok,ok,ok,ok,ok,ok,ok,ok,ok,ok,ok,ok,ok
467,917,Port Street East,1340,1431,All,ok,ok,ok,ok,ok,ok,ok,ok,ok,ok,ok,ok,ok,ok,ok,ok
468,917,Port Street East,874,1340,All,ok,ok,ok,ok,ok,ok,ok,ok,ok,ok,ok,ok,ok,ok,ok,ok
469,9339,Weston Way,965,1051,All,STM Long Seg Low Distress,STM Long Seg Low Distress,STM Long Seg Low Distress,ok,ok,ok,ok,ok,ok,ok,ok,ok,ok,ok,ok,ok
470,36,Paneika Lane,391,520,All,Surf too NEW,Surf too NEW,Surf too NEW,SLA too Low,ok,ok,ok,ok,ok,ok,ok,ok,ok,ok,ok,ok
471,9339,Weston Way,3398,3457,All,STM Long Seg Low Distress,STM Long Seg Low Distress,STM Long Seg Low Distress,ok,ok,ok,ok,ok,ok,ok,ok,ok,ok,ok,ok,ok
472,15,Fendall Close,0,438,All,STM Long Seg Low Distress,STM Long Seg Low Distress,STM Long Seg Low Distress,ok,ok,ok,ok,ok,ok,ok,ok,ok,ok,ok,ok,ok
473,4,Highfield Drive,0,71,All,ok,ok,ok,ok,ok,ok,ok,ok,ok,ok,ok,ok,ok,ok,ok,ok
474,1,Conifer Close,0,378,All,ok,ok,ok,ok,ok,ok,ok,ok,ok,ok,ok,ok,ok,ok,ok,ok
475,36,Paneika Lane,370,391,All,STM Short Seg Low Distress,STM Short Seg Low Distress,STM Short Seg Low Distress,STM Short Seg Low Distress,ok,ok,ok,ok,ok,ok,ok,ok,ok,ok,ok,ok
476,917,Port Street East,396,874,All,STM Long Seg Low Distress,ok,ok,ok,ok,ok,ok,ok,ok,ok,ok,ok,ok,ok,ok,ok
477,10,Upper Ahu Ahu Road,46,68,All,STM Short Seg Low Distress,STM Short Seg Low Distress,STM Short Seg Low Distress,STM Short Seg Low Distress,ok,ok,ok,ok,ok,ok,ok,ok,ok,ok,ok,ok
478,5,Vintry Drive,0,362,All,STM Long Seg Low Distress,STM Long Seg Low Distress,ok,ok,LTM Condition too Good,ok,ok,ok,ok,ok,ok,ok,ok,ok,ok,ok
479,9339,Weston Way,814,886,All,ok,ok,ok,ok,ok,ok,ok,ok,ok,ok,ok,ok,ok,ok,ok,ok
480,9167,Foxglove Drive,0,668,All,SLA too Low,SLA too Low,SLA too Low,SLA too Low,SLA too Low,ok,ok,ok,ok,ok,ok,ok,ok,ok,ok,ok
481,9339,Weston Way,2385,2696,All,ok,ok,ok,ok,ok,ok,ok,ok,ok,ok,ok,ok,ok,ok,ok,ok
482,38,Tyler Place,0,279,All,STM Long Seg Low Distress,STM Long Seg Low Distress,ok,ok,LTM Condition too Good,ok,ok,ok,ok,ok,ok,ok,ok,ok,ok,ok
483,43,Infantry Lane,0,95,All,ADT below Thresh,ADT below Thresh,ADT below Thresh,ADT below Thresh,ok,ok,ok,ok,ok,ok,ok,ok,ok,ok,ok,ok
484,19,Elm Close,0,82,All,STM Long Seg Low Distress,STM Long Seg Low Distress,STM Long Seg Low Distress,ok,ok,ok,ok,ok,ok,ok,ok,ok,ok,ok,ok,ok
485,6,Croatia Avenue,42,76,All,STM Short Seg Low Distress,STM Short Seg Low Distress,STM Short Seg Low Distress,STM Short Seg Low Distress,ok,ok,ok,ok,ok,ok,ok,ok,ok,ok,ok,ok
486,7056,Dawick Street,78,88,All,SLA too Low,SLA too Low,SLA too Low,SLA too Low,SLA too Low,SLA too Low,SLA too Low,SLA too Low,SLA too Low,SLA too Low,SLA too Low,SLA too Low,ok,ok,ok,ok
487,41,Huamanu Street,0,116,All,STM Long Seg Low Distress,STM Long Seg Low Distress,STM Long Seg Low Distress,ok,LTM Condition too Good,ok,ok,ok,ok,ok,ok,ok,ok,ok,ok,ok
488,23,Apple Orchard Lane,0,185,All,STM Long Seg Low Distress,STM Long Seg Low Distress,ok,ok,ok,ok,ok,ok,ok,ok,ok,ok,ok,ok,ok,ok
489,15,Fendall Close,643,736,All,STM Long Seg Low Distress,ok,ok,ok,ok,ok,ok,ok,ok,ok,ok,ok,ok,ok,ok,ok
490,9339,Weston Way,1051,1219,All,ok,ok,ok,ok,ok,ok,ok,ok,ok,ok,ok,ok,ok,ok,ok,ok
491,13,Puriri Dale Way,0,293,All,STM Long Seg Low Distress,ok,ok,ok,ok,ok,ok,ok,ok,ok,ok,ok,ok,ok,ok,ok
492,37,Freemason Avenue,149,172,All,SLA too Low,SLA too Low,SLA too Low,SLA too Low,ok,ok,ok,ok,ok,ok,ok,ok,ok,ok,ok,ok
493,20,Burkes Creek Road,549,697,All,ok,ok,ok,ok,ok,ok,ok,ok,ok,ok,ok,ok,ok,ok,ok,ok
494,8,Tarras Road,86,120,All,SLA too Low,STM Short Seg Low Distress,STM Short Seg Low Distress,STM Short Seg Low Distress,ok,ok,ok,ok,ok,ok,ok,ok,ok,ok,ok,ok
495,1035,Cousins Avenue East,0,61,All,STM Long Seg Low Distress,STM Long Seg Low Distress,STM Long Seg Low Distress,STM Long Seg Low Distress,LTM Condition too Good,ok,ok,ok,ok,ok,ok,ok,ok,ok,ok,ok
496,30,Curly McLeod Way,0,69,All,ok,ok,ok,ok,ok,ok,ok,ok,ok,ok,ok,ok,ok,ok,ok,ok
497,917,Port Street East,874,1340,All,STM Long Seg Low Distress,ok,ok,ok,LTM Condition too Good,ok,ok,ok,ok,ok,ok,ok,ok,ok,ok,ok
498,917,Port Street East,2120,2350,All,STM Long Seg Low Distress,ok,ok,ok,ok,ok,ok,ok,ok,ok,ok,ok,ok,ok,ok,ok
499,1035,Cousins Avenue East,0,61,All,ok,ok,ok,ok,ok,ok,ok,ok,ok,ok,ok,ok,ok,ok,ok,ok
